Row,User Flag,OK,Cmpd.,m/z meas.,Mr calc.,z,? m/z [ppm],RMS90 [ppm],Rt [min],Scores,#Cmpds.,Site [%],Rank,P,Sequence,Modifications,Type,Range,Accession,Protein
1,,true,3453,355.5432,1063.6026,3,4.77,65.85,23.32,31.5 (M:31.5),1,,1,1,R.LASYLDKVR.A,,CID,157 - 165,P13645|K1C10_HUMAN,"Keratin, type I cytoskeletal 10 - Homo sapiens"
2,,true,1969,357.2186,712.4232,2,-0.85,13.35,16.95,37.4 (M:37.4),1,,1,0,K.LQSLPR.H,,CID,254 - 259,At2g24700.1_ARATH,transcriptional factor B3 family protein_GAG_URT1partners
3,,false,1812,368.1946,734.3711,2,4.63,388.56,16.43,18.9 (M:18.9),1,,1,0,R.NAIDFR.R,,CID,186 - 191,Nad6_P.Giege_IBMP,>Nad6_P.Giege_IBMP
4,,true,4603,383.2225,764.4255,2,6.40,6.51,27.33,32.2 (M:32.2),2,,1,0,-.MQIFVK.T,,CID,1 - 6,RPL40_FMartin_IBMC,>RPL40_FMartin_IBMC
5,,true,858,384.2264,766.4337,2,5.87,5.51,12.55,30.6 (M:30.6),1,,1,0,K.VVAPPER.K,,CID,331 - 337,At5g09810.1_ARATH,ACT7_GAG_URT1partners
6,,false,2575,393.7471,785.4872,2,-9.53,256.43,19.42,19.5 (M:19.5),2,,1,1,K.TLQRLR.D,,CID,571 - 576,KamelH_Giégé_IBMP,KamelH_Giégé_IBMP
7,,false,750,401.2363,1200.6826,3,3.58,314.70,12.07,15.0 (M:15.0),1,,1,2,R.LRSEIDNVKK.Q,,CID,408 - 417,P04264|K2C1_HUMAN,"Keratin, type II cytoskeletal 1 - Homo sapiens"
8,,true,2967,404.2056,806.3923,2,5.32,4.90,20.70,41.3 (M:41.3),2,,1,0,R.LAADDFR.L,,CID,229 - 235,P13645|K1C10_HUMAN,"Keratin, type I cytoskeletal 10 - Homo sapiens"
9,,true,2949,404.2056,806.3923,2,5.32,13.70,20.67,42.6 (M:42.6),2,,1,0,R.LAADDFR.L,,CID,229 - 235,P13645|K1C10_HUMAN,"Keratin, type I cytoskeletal 10 - Homo sapiens"
10,,false,2599,405.2252,808.4331,2,3.50,14.97,19.47,29.2 (M:29.2),1,,1,0,R.LASYLDK.V,,CID,157 - 163,P13645|K1C10_HUMAN,"Keratin, type I cytoskeletal 10 - Homo sapiens"
11,,false,2599,405.2252,808.4331,2,3.50,14.97,19.47,29.2 (M:29.2),1,,1,0,R.LASYLDK.V,,CID,164 - 170,P35527|K1C9_HUMAN,"Keratin, type I cytoskeletal 9 - Homo sapiens"
12,,false,3764,408.2359,814.4661,2,-10.87,12.31,24.20,24.5 (M:24.5),2,,1,1,R.ELLRER.E,,CID,122 - 127,Q9VKD8_DROME-CG6686v2_N.Matt,>Q9VKD8_DROME-CG6686v2_N.Matt
13,,false,1783,408.7469,815.4753,2,4.77,9.85,16.35,26.0 (M:26.0),1,,1,0,R.VLITDQK.I,,CID,264 - 270,At2g28000.1_ARATH,CPN60A_GAG_URT1partners
14,,true,5474,413.7585,825.4960,2,7.81,20.93,30.28,39.5 (M:39.5),2,,1,0,K.AGIIDPLK.V,,CID,523 - 530,At2g33210.1_ARATH,HSP60-2_GAG_URT1partners
15,,false,3782,416.7464,831.4814,2,-3.75,6.00,24.35,22.3 (M:22.3),1,,1,0,K.SISISVAR.G,,CID,75 - 82,P04264|K2C1_HUMAN,"Keratin, type II cytoskeletal 1 - Homo sapiens"
16,,true,2819,421.7588,841.5022,2,1.06,22.25,20.27,34.0 (M:34.0),234,,1,0,R.VATVSLPR.S,,CID,108 - 115,P00761|TRYP_PIG,Trypsin precursor - Sus scrofa
17,,true,5102,421.7594,841.5022,2,2.44,8.25,28.95,44.1 (M:44.1),234,,1,0,R.VATVSLPR.S,,CID,108 - 115,P00761|TRYP_PIG,Trypsin precursor - Sus scrofa
18,,true,13148,421.7594,841.5022,2,2.58,8.54,51.85,42.3 (M:42.3),234,,1,0,R.VATVSLPR.S,,CID,108 - 115,P00761|TRYP_PIG,Trypsin precursor - Sus scrofa
19,,true,13157,421.7594,841.5022,2,2.58,13.81,51.92,56.4 (M:56.4),234,,1,0,R.VATVSLPR.S,,CID,108 - 115,P00761|TRYP_PIG,Trypsin precursor - Sus scrofa
20,,true,13502,421.7598,841.5022,2,3.36,9.63,58.33,48.5 (M:48.5),234,,1,0,R.VATVSLPR.S,,CID,108 - 115,P00761|TRYP_PIG,Trypsin precursor - Sus scrofa
21,,true,12810,421.7598,841.5022,2,3.38,11.87,48.87,42.4 (M:42.4),234,,1,0,R.VATVSLPR.S,,CID,108 - 115,P00761|TRYP_PIG,Trypsin precursor - Sus scrofa
22,,true,12564,421.7598,841.5022,2,3.38,15.42,47.03,48.7 (M:48.7),234,,1,0,R.VATVSLPR.S,,CID,108 - 115,P00761|TRYP_PIG,Trypsin precursor - Sus scrofa
23,,true,12933,421.7598,841.5022,2,3.46,5.18,49.93,50.4 (M:50.4),234,,1,0,R.VATVSLPR.S,,CID,108 - 115,P00761|TRYP_PIG,Trypsin precursor - Sus scrofa
24,,true,12938,421.7598,841.5022,2,3.46,6.08,49.97,47.3 (M:47.3),234,,1,0,R.VATVSLPR.S,,CID,108 - 115,P00761|TRYP_PIG,Trypsin precursor - Sus scrofa
25,,true,13495,421.7598,841.5022,2,3.50,15.38,57.92,53.7 (M:53.7),234,,1,0,R.VATVSLPR.S,,CID,108 - 115,P00761|TRYP_PIG,Trypsin precursor - Sus scrofa
26,,true,12756,421.7599,841.5022,2,3.60,8.49,48.32,52.3 (M:52.3),234,,1,0,R.VATVSLPR.S,,CID,108 - 115,P00761|TRYP_PIG,Trypsin precursor - Sus scrofa
27,,true,12753,421.7599,841.5022,2,3.60,7.48,48.28,56.8 (M:56.8),234,,1,0,R.VATVSLPR.S,,CID,108 - 115,P00761|TRYP_PIG,Trypsin precursor - Sus scrofa
28,,true,12609,421.7599,841.5022,2,3.62,7.43,47.22,48.6 (M:48.6),234,,1,0,R.VATVSLPR.S,,CID,108 - 115,P00761|TRYP_PIG,Trypsin precursor - Sus scrofa
29,,true,12615,421.7599,841.5022,2,3.62,11.13,47.27,58.0 (M:58.0),234,,1,0,R.VATVSLPR.S,,CID,108 - 115,P00761|TRYP_PIG,Trypsin precursor - Sus scrofa
30,,true,12551,421.7599,841.5022,2,3.65,4.62,46.97,52.7 (M:52.7),234,,1,0,R.VATVSLPR.S,,CID,108 - 115,P00761|TRYP_PIG,Trypsin precursor - Sus scrofa
31,,true,7677,421.7600,841.5022,2,3.79,6.86,34.93,55.2 (M:55.2),234,,1,0,R.VATVSLPR.S,,CID,108 - 115,P00761|TRYP_PIG,Trypsin precursor - Sus scrofa
32,,true,4971,421.7600,841.5022,2,3.86,6.88,28.32,43.8 (M:43.8),234,,1,0,R.VATVSLPR.S,,CID,108 - 115,P00761|TRYP_PIG,Trypsin precursor - Sus scrofa
33,,true,4984,421.7600,841.5022,2,3.86,7.99,28.38,46.7 (M:46.7),234,,1,0,R.VATVSLPR.S,,CID,108 - 115,P00761|TRYP_PIG,Trypsin precursor - Sus scrofa
34,,true,7545,421.7600,841.5022,2,3.91,9.27,34.68,63.6 (M:63.6),234,,1,0,R.VATVSLPR.S,,CID,108 - 115,P00761|TRYP_PIG,Trypsin precursor - Sus scrofa
35,,true,12781,421.7600,841.5022,2,3.91,7.76,48.62,48.2 (M:48.2),234,,1,0,R.VATVSLPR.S,,CID,108 - 115,P00761|TRYP_PIG,Trypsin precursor - Sus scrofa
36,,true,12785,421.7600,841.5022,2,3.91,10.82,48.65,44.1 (M:44.1),234,,1,0,R.VATVSLPR.S,,CID,108 - 115,P00761|TRYP_PIG,Trypsin precursor - Sus scrofa
37,,true,7565,421.7600,841.5022,2,3.91,6.47,34.72,49.2 (M:49.2),234,,1,0,R.VATVSLPR.S,,CID,108 - 115,P00761|TRYP_PIG,Trypsin precursor - Sus scrofa
38,,true,13503,421.7600,841.5022,2,3.93,8.03,58.90,50.6 (M:50.6),234,,1,0,R.VATVSLPR.S,,CID,108 - 115,P00761|TRYP_PIG,Trypsin precursor - Sus scrofa
39,,true,13071,421.7600,841.5022,2,4.00,7.57,51.23,48.7 (M:48.7),234,,1,0,R.VATVSLPR.S,,CID,108 - 115,P00761|TRYP_PIG,Trypsin precursor - Sus scrofa
40,,true,12815,421.7601,841.5022,2,4.14,5.67,48.92,45.3 (M:45.3),234,,1,0,R.VATVSLPR.S,,CID,108 - 115,P00761|TRYP_PIG,Trypsin precursor - Sus scrofa
41,,true,11174,421.7601,841.5022,2,4.17,7.27,42.58,42.8 (M:42.8),234,,1,0,R.VATVSLPR.S,,CID,108 - 115,P00761|TRYP_PIG,Trypsin precursor - Sus scrofa
42,,true,11158,421.7601,841.5022,2,4.17,16.15,42.55,46.3 (M:46.3),234,,1,0,R.VATVSLPR.S,,CID,108 - 115,P00761|TRYP_PIG,Trypsin precursor - Sus scrofa
43,,true,13075,421.7601,841.5022,2,4.19,9.89,51.27,56.5 (M:56.5),234,,1,0,R.VATVSLPR.S,,CID,108 - 115,P00761|TRYP_PIG,Trypsin precursor - Sus scrofa
44,,true,12879,421.7601,841.5022,2,4.19,6.21,49.40,50.5 (M:50.5),234,,1,0,R.VATVSLPR.S,,CID,108 - 115,P00761|TRYP_PIG,Trypsin precursor - Sus scrofa
45,,true,12880,421.7601,841.5022,2,4.19,6.81,49.42,49.7 (M:49.7),234,,1,0,R.VATVSLPR.S,,CID,108 - 115,P00761|TRYP_PIG,Trypsin precursor - Sus scrofa
46,,true,11463,421.7601,841.5022,2,4.21,12.28,43.15,38.2 (M:38.2),234,,1,0,R.VATVSLPR.S,,CID,108 - 115,P00761|TRYP_PIG,Trypsin precursor - Sus scrofa
47,,true,13488,421.7601,841.5022,2,4.21,10.32,57.38,53.4 (M:53.4),234,,1,0,R.VATVSLPR.S,,CID,108 - 115,P00761|TRYP_PIG,Trypsin precursor - Sus scrofa
48,,true,12152,421.7602,841.5022,2,4.26,5.78,45.17,64.6 (M:64.6),234,,1,0,R.VATVSLPR.S,,CID,108 - 115,P00761|TRYP_PIG,Trypsin precursor - Sus scrofa
49,,true,13479,421.7602,841.5022,2,4.26,6.43,56.78,45.4 (M:45.4),234,,1,0,R.VATVSLPR.S,,CID,108 - 115,P00761|TRYP_PIG,Trypsin precursor - Sus scrofa
50,,true,6536,421.7602,841.5022,2,4.26,3.42,32.53,48.7 (M:48.7),234,,1,0,R.VATVSLPR.S,,CID,108 - 115,P00761|TRYP_PIG,Trypsin precursor - Sus scrofa
51,,true,12160,421.7602,841.5022,2,4.26,4.67,45.20,52.0 (M:52.0),234,,1,0,R.VATVSLPR.S,,CID,108 - 115,P00761|TRYP_PIG,Trypsin precursor - Sus scrofa
52,,true,13044,421.7602,841.5022,2,4.33,10.42,50.97,48.8 (M:48.8),234,,1,0,R.VATVSLPR.S,,CID,108 - 115,P00761|TRYP_PIG,Trypsin precursor - Sus scrofa
53,,true,6519,421.7602,841.5022,2,4.36,9.93,32.50,45.8 (M:45.8),234,,1,0,R.VATVSLPR.S,,CID,108 - 115,P00761|TRYP_PIG,Trypsin precursor - Sus scrofa
54,,true,11032,421.7602,841.5022,2,4.36,18.03,42.30,48.4 (M:48.4),234,,1,0,R.VATVSLPR.S,,CID,108 - 115,P00761|TRYP_PIG,Trypsin precursor - Sus scrofa
55,,true,13435,421.7602,841.5022,2,4.43,8.06,54.90,50.0 (M:50.0),234,,1,0,R.VATVSLPR.S,,CID,108 - 115,P00761|TRYP_PIG,Trypsin precursor - Sus scrofa
56,,true,13467,421.7603,841.5022,2,4.50,11.88,55.98,48.1 (M:48.1),234,,1,0,R.VATVSLPR.S,,CID,108 - 115,P00761|TRYP_PIG,Trypsin precursor - Sus scrofa
57,,true,12908,421.7603,841.5022,2,4.52,8.64,49.65,47.9 (M:47.9),234,,1,0,R.VATVSLPR.S,,CID,108 - 115,P00761|TRYP_PIG,Trypsin precursor - Sus scrofa
58,,true,10460,421.7603,841.5022,2,4.55,5.93,40.97,51.8 (M:51.8),234,,1,0,R.VATVSLPR.S,,CID,108 - 115,P00761|TRYP_PIG,Trypsin precursor - Sus scrofa
59,,true,11584,421.7603,841.5022,2,4.57,21.62,43.45,54.1 (M:54.1),234,,1,0,R.VATVSLPR.S,,CID,108 - 115,P00761|TRYP_PIG,Trypsin precursor - Sus scrofa
60,,true,10883,421.7603,841.5022,2,4.57,13.69,42.03,35.1 (M:35.1),234,,1,0,R.VATVSLPR.S,,CID,108 - 115,P00761|TRYP_PIG,Trypsin precursor - Sus scrofa
61,,true,4803,421.7603,841.5022,2,4.57,3.89,27.77,50.6 (M:50.6),234,,1,0,R.VATVSLPR.S,,CID,108 - 115,P00761|TRYP_PIG,Trypsin precursor - Sus scrofa
62,,true,4783,421.7603,841.5022,2,4.57,7.98,27.73,48.6 (M:48.6),234,,1,0,R.VATVSLPR.S,,CID,108 - 115,P00761|TRYP_PIG,Trypsin precursor - Sus scrofa
63,,true,10867,421.7603,841.5022,2,4.57,9.04,42.00,42.8 (M:42.8),234,,1,0,R.VATVSLPR.S,,CID,108 - 115,P00761|TRYP_PIG,Trypsin precursor - Sus scrofa
64,,true,11570,421.7603,841.5022,2,4.57,8.89,43.40,43.3 (M:43.3),234,,1,0,R.VATVSLPR.S,,CID,108 - 115,P00761|TRYP_PIG,Trypsin precursor - Sus scrofa
65,,true,10477,421.7603,841.5022,2,4.59,6.16,41.00,48.1 (M:48.1),234,,1,0,R.VATVSLPR.S,,CID,108 - 115,P00761|TRYP_PIG,Trypsin precursor - Sus scrofa
66,,true,7161,421.7603,841.5022,2,4.59,7.37,33.85,51.9 (M:51.9),234,,1,0,R.VATVSLPR.S,,CID,108 - 115,P00761|TRYP_PIG,Trypsin precursor - Sus scrofa
67,,true,7181,421.7603,841.5022,2,4.59,5.46,33.88,51.2 (M:51.2),234,,1,0,R.VATVSLPR.S,,CID,108 - 115,P00761|TRYP_PIG,Trypsin precursor - Sus scrofa
68,,true,13049,421.7603,841.5022,2,4.59,7.15,51.00,48.7 (M:48.7),234,,1,0,R.VATVSLPR.S,,CID,108 - 115,P00761|TRYP_PIG,Trypsin precursor - Sus scrofa
69,,true,6875,421.7603,841.5022,2,4.59,9.05,33.33,50.7 (M:50.7),234,,1,0,R.VATVSLPR.S,,CID,108 - 115,P00761|TRYP_PIG,Trypsin precursor - Sus scrofa
70,,true,10181,421.7603,841.5022,2,4.62,10.19,40.28,48.9 (M:48.9),234,,1,0,R.VATVSLPR.S,,CID,108 - 115,P00761|TRYP_PIG,Trypsin precursor - Sus scrofa
71,,true,7829,421.7603,841.5022,2,4.62,4.99,35.30,57.4 (M:57.4),234,,1,0,R.VATVSLPR.S,,CID,108 - 115,P00761|TRYP_PIG,Trypsin precursor - Sus scrofa
72,,true,10198,421.7603,841.5022,2,4.62,8.49,40.32,53.0 (M:53.0),234,,1,0,R.VATVSLPR.S,,CID,108 - 115,P00761|TRYP_PIG,Trypsin precursor - Sus scrofa
73,,true,4896,421.7603,841.5022,2,4.62,4.00,28.02,48.4 (M:48.4),234,,1,0,R.VATVSLPR.S,,CID,108 - 115,P00761|TRYP_PIG,Trypsin precursor - Sus scrofa
74,,true,7823,421.7603,841.5022,2,4.62,8.11,35.27,46.4 (M:46.4),234,,1,0,R.VATVSLPR.S,,CID,108 - 115,P00761|TRYP_PIG,Trypsin precursor - Sus scrofa
75,,true,4890,421.7603,841.5022,2,4.62,9.03,27.98,43.2 (M:43.2),234,,1,0,R.VATVSLPR.S,,CID,108 - 115,P00761|TRYP_PIG,Trypsin precursor - Sus scrofa
76,,true,11019,421.7603,841.5022,2,4.64,11.39,42.28,46.0 (M:46.0),234,,1,0,R.VATVSLPR.S,,CID,108 - 115,P00761|TRYP_PIG,Trypsin precursor - Sus scrofa
77,,true,13487,421.7603,841.5022,2,4.64,8.00,57.35,53.3 (M:53.3),234,,1,0,R.VATVSLPR.S,,CID,108 - 115,P00761|TRYP_PIG,Trypsin precursor - Sus scrofa
78,,true,12431,421.7603,841.5022,2,4.67,5.06,46.45,41.8 (M:41.8),234,,1,0,R.VATVSLPR.S,,CID,108 - 115,P00761|TRYP_PIG,Trypsin precursor - Sus scrofa
79,,true,13418,421.7603,841.5022,2,4.67,14.48,54.38,56.8 (M:56.8),234,,1,0,R.VATVSLPR.S,,CID,108 - 115,P00761|TRYP_PIG,Trypsin precursor - Sus scrofa
80,,true,12371,421.7603,841.5022,2,4.69,15.51,46.23,39.0 (M:39.0),234,,1,0,R.VATVSLPR.S,,CID,108 - 115,P00761|TRYP_PIG,Trypsin precursor - Sus scrofa
81,,true,12361,421.7603,841.5022,2,4.69,9.63,46.20,49.0 (M:49.0),234,,1,0,R.VATVSLPR.S,,CID,108 - 115,P00761|TRYP_PIG,Trypsin precursor - Sus scrofa
82,,true,12743,421.7603,841.5022,2,4.71,10.28,48.10,48.6 (M:48.6),234,,1,0,R.VATVSLPR.S,,CID,108 - 115,P00761|TRYP_PIG,Trypsin precursor - Sus scrofa
83,,true,12086,421.7603,841.5022,2,4.71,8.57,44.92,50.5 (M:50.5),234,,1,0,R.VATVSLPR.S,,CID,108 - 115,P00761|TRYP_PIG,Trypsin precursor - Sus scrofa
84,,true,12097,421.7603,841.5022,2,4.71,13.82,44.95,49.1 (M:49.1),234,,1,0,R.VATVSLPR.S,,CID,108 - 115,P00761|TRYP_PIG,Trypsin precursor - Sus scrofa
85,,true,11755,421.7604,841.5022,2,4.76,5.61,43.97,40.4 (M:40.4),234,,1,0,R.VATVSLPR.S,,CID,108 - 115,P00761|TRYP_PIG,Trypsin precursor - Sus scrofa
86,,true,13466,421.7604,841.5022,2,4.78,11.00,55.93,47.7 (M:47.7),234,,1,0,R.VATVSLPR.S,,CID,108 - 115,P00761|TRYP_PIG,Trypsin precursor - Sus scrofa
87,,true,13022,421.7604,841.5022,2,4.78,4.52,50.72,54.3 (M:54.3),234,,1,0,R.VATVSLPR.S,,CID,108 - 115,P00761|TRYP_PIG,Trypsin precursor - Sus scrofa
88,,true,8008,421.7604,841.5022,2,4.81,6.46,35.88,50.3 (M:50.3),234,,1,0,R.VATVSLPR.S,,CID,108 - 115,P00761|TRYP_PIG,Trypsin precursor - Sus scrofa
89,,true,12647,421.7604,841.5022,2,4.81,8.40,47.48,59.8 (M:59.8),234,,1,0,R.VATVSLPR.S,,CID,108 - 115,P00761|TRYP_PIG,Trypsin precursor - Sus scrofa
90,,true,12653,421.7604,841.5022,2,4.81,3.65,47.52,48.8 (M:48.8),234,,1,0,R.VATVSLPR.S,,CID,108 - 115,P00761|TRYP_PIG,Trypsin precursor - Sus scrofa
91,,true,13478,421.7604,841.5022,2,4.81,5.86,56.73,50.3 (M:50.3),234,,1,0,R.VATVSLPR.S,,CID,108 - 115,P00761|TRYP_PIG,Trypsin precursor - Sus scrofa
92,,true,13474,421.7604,841.5022,2,4.81,10.59,56.43,48.4 (M:48.4),234,,1,0,R.VATVSLPR.S,,CID,108 - 115,P00761|TRYP_PIG,Trypsin precursor - Sus scrofa
93,,true,13424,421.7604,841.5022,2,4.83,6.29,54.63,48.3 (M:48.3),234,,1,0,R.VATVSLPR.S,,CID,108 - 115,P00761|TRYP_PIG,Trypsin precursor - Sus scrofa
94,,true,13426,421.7604,841.5022,2,4.83,7.66,54.67,58.2 (M:58.2),234,,1,0,R.VATVSLPR.S,,CID,108 - 115,P00761|TRYP_PIG,Trypsin precursor - Sus scrofa
95,,true,11746,421.7604,841.5022,2,4.85,9.90,43.93,45.9 (M:45.9),234,,1,0,R.VATVSLPR.S,,CID,108 - 115,P00761|TRYP_PIG,Trypsin precursor - Sus scrofa
96,,true,4647,421.7604,841.5022,2,4.85,7.10,27.52,50.0 (M:50.0),234,,1,0,R.VATVSLPR.S,,CID,108 - 115,P00761|TRYP_PIG,Trypsin precursor - Sus scrofa
97,,true,4632,421.7604,841.5022,2,4.85,8.23,27.48,39.9 (M:39.9),234,,1,0,R.VATVSLPR.S,,CID,108 - 115,P00761|TRYP_PIG,Trypsin precursor - Sus scrofa
98,,true,9022,421.7604,841.5022,2,4.85,8.30,38.03,54.5 (M:54.5),234,,1,0,R.VATVSLPR.S,,CID,108 - 115,P00761|TRYP_PIG,Trypsin precursor - Sus scrofa
99,,true,9006,421.7604,841.5022,2,4.85,11.44,38.00,64.2 (M:64.2),234,,1,0,R.VATVSLPR.S,,CID,108 - 115,P00761|TRYP_PIG,Trypsin precursor - Sus scrofa
100,,true,7313,421.7604,841.5022,2,4.88,17.50,34.18,48.9 (M:48.9),234,,1,0,R.VATVSLPR.S,,CID,108 - 115,P00761|TRYP_PIG,Trypsin precursor - Sus scrofa
101,,true,12954,421.7604,841.5022,2,4.90,6.83,50.23,53.0 (M:53.0),234,,1,0,R.VATVSLPR.S,,CID,108 - 115,P00761|TRYP_PIG,Trypsin precursor - Sus scrofa
102,,true,12851,421.7604,841.5022,2,4.90,6.77,49.18,36.2 (M:36.2),234,,1,0,R.VATVSLPR.S,,CID,108 - 115,P00761|TRYP_PIG,Trypsin precursor - Sus scrofa
103,,true,12842,421.7604,841.5022,2,4.90,10.16,49.12,51.5 (M:51.5),234,,1,0,R.VATVSLPR.S,,CID,108 - 115,P00761|TRYP_PIG,Trypsin precursor - Sus scrofa
104,,true,13399,421.7604,841.5022,2,4.90,9.12,53.85,48.3 (M:48.3),234,,1,0,R.VATVSLPR.S,,CID,108 - 115,P00761|TRYP_PIG,Trypsin precursor - Sus scrofa
105,,true,12949,421.7604,841.5022,2,4.90,5.24,50.20,52.2 (M:52.2),234,,1,0,R.VATVSLPR.S,,CID,108 - 115,P00761|TRYP_PIG,Trypsin precursor - Sus scrofa
106,,true,4021,421.7604,841.5022,2,4.90,5.85,25.63,54.4 (M:54.4),234,,1,0,R.VATVSLPR.S,,CID,108 - 115,P00761|TRYP_PIG,Trypsin precursor - Sus scrofa
107,,true,13401,421.7604,841.5022,2,4.93,8.51,53.90,47.6 (M:47.6),234,,1,0,R.VATVSLPR.S,,CID,108 - 115,P00761|TRYP_PIG,Trypsin precursor - Sus scrofa
108,,true,7064,421.7604,841.5022,2,4.95,6.28,33.65,52.0 (M:52.0),234,,1,0,R.VATVSLPR.S,,CID,108 - 115,P00761|TRYP_PIG,Trypsin precursor - Sus scrofa
109,,true,10069,421.7604,841.5022,2,4.95,8.05,40.00,56.3 (M:56.3),234,,1,0,R.VATVSLPR.S,,CID,108 - 115,P00761|TRYP_PIG,Trypsin precursor - Sus scrofa
110,,true,7024,421.7604,841.5022,2,4.95,9.85,33.58,55.8 (M:55.8),234,,1,0,R.VATVSLPR.S,,CID,108 - 115,P00761|TRYP_PIG,Trypsin precursor - Sus scrofa
111,,true,10058,421.7604,841.5022,2,4.95,9.30,39.97,50.3 (M:50.3),234,,1,0,R.VATVSLPR.S,,CID,108 - 115,P00761|TRYP_PIG,Trypsin precursor - Sus scrofa
112,,true,4087,421.7605,841.5022,2,4.97,5.86,25.88,55.2 (M:55.2),234,,1,0,R.VATVSLPR.S,,CID,108 - 115,P00761|TRYP_PIG,Trypsin precursor - Sus scrofa
113,,true,12737,421.7605,841.5022,2,4.97,8.77,48.03,48.4 (M:48.4),234,,1,0,R.VATVSLPR.S,,CID,108 - 115,P00761|TRYP_PIG,Trypsin precursor - Sus scrofa
114,,true,7483,421.7605,841.5022,2,4.97,7.06,34.47,48.9 (M:48.9),234,,1,0,R.VATVSLPR.S,,CID,108 - 115,P00761|TRYP_PIG,Trypsin precursor - Sus scrofa
115,,true,12914,421.7605,841.5022,2,4.97,8.73,49.70,47.3 (M:47.3),234,,1,0,R.VATVSLPR.S,,CID,108 - 115,P00761|TRYP_PIG,Trypsin precursor - Sus scrofa
116,,true,4101,421.7605,841.5022,2,4.97,4.29,25.92,60.0 (M:60.0),234,,1,0,R.VATVSLPR.S,,CID,108 - 115,P00761|TRYP_PIG,Trypsin precursor - Sus scrofa
117,,true,10374,421.7605,841.5022,2,5.00,8.36,40.73,43.7 (M:43.7),234,,1,0,R.VATVSLPR.S,,CID,108 - 115,P00761|TRYP_PIG,Trypsin precursor - Sus scrofa
118,,true,12986,421.7605,841.5022,2,5.02,6.07,50.45,52.5 (M:52.5),234,,1,0,R.VATVSLPR.S,,CID,108 - 115,P00761|TRYP_PIG,Trypsin precursor - Sus scrofa
119,,true,12993,421.7605,841.5022,2,5.02,9.31,50.50,52.5 (M:52.5),234,,1,0,R.VATVSLPR.S,,CID,108 - 115,P00761|TRYP_PIG,Trypsin precursor - Sus scrofa
120,,true,12449,421.7605,841.5022,2,5.02,9.41,46.52,38.2 (M:38.2),234,,1,0,R.VATVSLPR.S,,CID,108 - 115,P00761|TRYP_PIG,Trypsin precursor - Sus scrofa
121,,true,6858,421.7605,841.5022,2,5.02,5.01,33.32,40.2 (M:40.2),234,,1,0,R.VATVSLPR.S,,CID,108 - 115,P00761|TRYP_PIG,Trypsin precursor - Sus scrofa
122,,true,5284,421.7605,841.5022,2,5.02,8.69,29.88,47.3 (M:47.3),234,,1,0,R.VATVSLPR.S,,CID,108 - 115,P00761|TRYP_PIG,Trypsin precursor - Sus scrofa
123,,true,12328,421.7605,841.5022,2,5.04,7.43,45.97,57.8 (M:57.8),234,,1,0,R.VATVSLPR.S,,CID,108 - 115,P00761|TRYP_PIG,Trypsin precursor - Sus scrofa
124,,true,12319,421.7605,841.5022,2,5.04,19.00,45.93,48.2 (M:48.2),234,,1,0,R.VATVSLPR.S,,CID,108 - 115,P00761|TRYP_PIG,Trypsin precursor - Sus scrofa
125,,true,3773,421.7605,841.5022,2,5.07,7.53,24.27,67.9 (M:67.9),234,,1,0,R.VATVSLPR.S,,CID,108 - 115,P00761|TRYP_PIG,Trypsin precursor - Sus scrofa
126,,true,3681,421.7605,841.5022,2,5.09,12.03,23.75,57.3 (M:57.3),234,,1,0,R.VATVSLPR.S,,CID,108 - 115,P00761|TRYP_PIG,Trypsin precursor - Sus scrofa
127,,true,13475,421.7605,841.5022,2,5.09,10.65,56.48,44.1 (M:44.1),234,,1,0,R.VATVSLPR.S,,CID,108 - 115,P00761|TRYP_PIG,Trypsin precursor - Sus scrofa
128,,true,3739,421.7605,841.5022,2,5.09,4.29,24.00,67.8 (M:67.8),234,,1,0,R.VATVSLPR.S,,CID,108 - 115,P00761|TRYP_PIG,Trypsin precursor - Sus scrofa
129,,true,7986,421.7605,841.5022,2,5.09,9.40,35.85,34.2 (M:34.2),234,,1,0,R.VATVSLPR.S,,CID,108 - 115,P00761|TRYP_PIG,Trypsin precursor - Sus scrofa
130,,true,7972,421.7605,841.5022,2,5.09,11.08,35.82,56.9 (M:56.9),234,,1,0,R.VATVSLPR.S,,CID,108 - 115,P00761|TRYP_PIG,Trypsin precursor - Sus scrofa
131,,true,3662,421.7605,841.5022,2,5.09,11.76,23.72,50.5 (M:50.5),234,,1,0,R.VATVSLPR.S,,CID,108 - 115,P00761|TRYP_PIG,Trypsin precursor - Sus scrofa
132,,true,5098,421.7605,841.5022,2,5.09,7.71,28.92,50.5 (M:50.5),234,,1,0,R.VATVSLPR.S,,CID,108 - 115,P00761|TRYP_PIG,Trypsin precursor - Sus scrofa
133,,true,3743,421.7605,841.5022,2,5.09,4.95,24.02,67.8 (M:67.8),234,,1,0,R.VATVSLPR.S,,CID,108 - 115,P00761|TRYP_PIG,Trypsin precursor - Sus scrofa
134,,true,5995,421.7605,841.5022,2,5.12,7.50,31.43,48.0 (M:48.0),234,,1,0,R.VATVSLPR.S,,CID,108 - 115,P00761|TRYP_PIG,Trypsin precursor - Sus scrofa
135,,true,11320,421.7605,841.5022,2,5.12,11.83,42.87,47.8 (M:47.8),234,,1,0,R.VATVSLPR.S,,CID,108 - 115,P00761|TRYP_PIG,Trypsin precursor - Sus scrofa
136,,true,10354,421.7605,841.5022,2,5.14,8.77,40.70,52.4 (M:52.4),234,,1,0,R.VATVSLPR.S,,CID,108 - 115,P00761|TRYP_PIG,Trypsin precursor - Sus scrofa
137,,true,3777,421.7605,841.5022,2,5.14,7.03,24.30,67.9 (M:67.9),234,,1,0,R.VATVSLPR.S,,CID,108 - 115,P00761|TRYP_PIG,Trypsin precursor - Sus scrofa
138,,true,8194,421.7605,841.5022,2,5.16,8.01,36.18,54.1 (M:54.1),234,,1,0,R.VATVSLPR.S,,CID,108 - 115,P00761|TRYP_PIG,Trypsin precursor - Sus scrofa
139,,true,8178,421.7605,841.5022,2,5.16,11.47,36.15,50.7 (M:50.7),234,,1,0,R.VATVSLPR.S,,CID,108 - 115,P00761|TRYP_PIG,Trypsin precursor - Sus scrofa
140,,true,13439,421.7605,841.5022,2,5.16,11.55,54.97,58.5 (M:58.5),234,,1,0,R.VATVSLPR.S,,CID,108 - 115,P00761|TRYP_PIG,Trypsin precursor - Sus scrofa
141,,true,4554,421.7605,841.5022,2,5.16,10.09,27.23,56.0 (M:56.0),234,,1,0,R.VATVSLPR.S,,CID,108 - 115,P00761|TRYP_PIG,Trypsin precursor - Sus scrofa
142,,true,12512,421.7605,841.5022,2,5.19,6.27,46.73,58.3 (M:58.3),234,,1,0,R.VATVSLPR.S,,CID,108 - 115,P00761|TRYP_PIG,Trypsin precursor - Sus scrofa
143,,true,12503,421.7605,841.5022,2,5.19,12.70,46.70,54.2 (M:54.2),234,,1,0,R.VATVSLPR.S,,CID,108 - 115,P00761|TRYP_PIG,Trypsin precursor - Sus scrofa
144,,true,12697,421.7605,841.5022,2,5.19,10.15,47.80,55.9 (M:55.9),234,,1,0,R.VATVSLPR.S,,CID,108 - 115,P00761|TRYP_PIG,Trypsin precursor - Sus scrofa
145,,true,13462,421.7605,841.5022,2,5.19,6.89,55.68,47.7 (M:47.7),234,,1,0,R.VATVSLPR.S,,CID,108 - 115,P00761|TRYP_PIG,Trypsin precursor - Sus scrofa
146,,true,13492,421.7605,841.5022,2,5.19,10.20,57.72,47.0 (M:47.0),234,,1,0,R.VATVSLPR.S,,CID,108 - 115,P00761|TRYP_PIG,Trypsin precursor - Sus scrofa
147,,true,12695,421.7605,841.5022,2,5.19,9.38,47.78,50.6 (M:50.6),234,,1,0,R.VATVSLPR.S,,CID,108 - 115,P00761|TRYP_PIG,Trypsin precursor - Sus scrofa
148,,true,5877,421.7606,841.5022,2,5.21,3.99,31.18,47.8 (M:47.8),234,,1,0,R.VATVSLPR.S,,CID,108 - 115,P00761|TRYP_PIG,Trypsin precursor - Sus scrofa
149,,true,5865,421.7606,841.5022,2,5.21,8.38,31.17,46.6 (M:46.6),234,,1,0,R.VATVSLPR.S,,CID,108 - 115,P00761|TRYP_PIG,Trypsin precursor - Sus scrofa
150,,true,13470,421.7606,841.5022,2,5.21,5.81,56.18,52.4 (M:52.4),234,,1,0,R.VATVSLPR.S,,CID,108 - 115,P00761|TRYP_PIG,Trypsin precursor - Sus scrofa
151,,true,7452,421.7606,841.5022,2,5.21,4.58,34.40,48.3 (M:48.3),234,,1,0,R.VATVSLPR.S,,CID,108 - 115,P00761|TRYP_PIG,Trypsin precursor - Sus scrofa
152,,true,13446,421.7606,841.5022,2,5.23,7.84,55.18,59.4 (M:59.4),234,,1,0,R.VATVSLPR.S,,CID,108 - 115,P00761|TRYP_PIG,Trypsin precursor - Sus scrofa
153,,true,11675,421.7606,841.5022,2,5.26,10.65,43.70,49.1 (M:49.1),234,,1,0,R.VATVSLPR.S,,CID,108 - 115,P00761|TRYP_PIG,Trypsin precursor - Sus scrofa
154,,true,13483,421.7606,841.5022,2,5.26,7.55,57.07,51.5 (M:51.5),234,,1,0,R.VATVSLPR.S,,CID,108 - 115,P00761|TRYP_PIG,Trypsin precursor - Sus scrofa
155,,true,4018,421.7606,841.5022,2,5.26,4.51,25.62,49.1 (M:49.1),234,,1,0,R.VATVSLPR.S,,CID,108 - 115,P00761|TRYP_PIG,Trypsin precursor - Sus scrofa
156,,true,9160,421.7606,841.5022,2,5.26,14.90,38.32,53.2 (M:53.2),234,,1,0,R.VATVSLPR.S,,CID,108 - 115,P00761|TRYP_PIG,Trypsin precursor - Sus scrofa
157,,true,9276,421.7606,841.5022,2,5.26,9.34,38.53,56.3 (M:56.3),234,,1,0,R.VATVSLPR.S,,CID,108 - 115,P00761|TRYP_PIG,Trypsin precursor - Sus scrofa
158,,true,11664,421.7606,841.5022,2,5.26,9.95,43.67,46.2 (M:46.2),234,,1,0,R.VATVSLPR.S,,CID,108 - 115,P00761|TRYP_PIG,Trypsin precursor - Sus scrofa
159,,true,11355,421.7606,841.5022,2,5.28,9.70,42.93,44.5 (M:44.5),234,,1,0,R.VATVSLPR.S,,CID,108 - 115,P00761|TRYP_PIG,Trypsin precursor - Sus scrofa
160,,true,4347,421.7606,841.5022,2,5.31,6.29,26.45,56.8 (M:56.8),234,,1,0,R.VATVSLPR.S,,CID,108 - 115,P00761|TRYP_PIG,Trypsin precursor - Sus scrofa
161,,true,12232,421.7606,841.5022,2,5.33,9.37,45.43,54.1 (M:54.1),234,,1,0,R.VATVSLPR.S,,CID,108 - 115,P00761|TRYP_PIG,Trypsin precursor - Sus scrofa
162,,true,6010,421.7606,841.5022,2,5.33,8.80,31.47,50.1 (M:50.1),234,,1,0,R.VATVSLPR.S,,CID,108 - 115,P00761|TRYP_PIG,Trypsin precursor - Sus scrofa
163,,true,5416,421.7606,841.5022,2,5.35,10.36,30.17,46.9 (M:46.9),234,,1,0,R.VATVSLPR.S,,CID,108 - 115,P00761|TRYP_PIG,Trypsin precursor - Sus scrofa
164,,true,5401,421.7606,841.5022,2,5.35,8.62,30.13,46.2 (M:46.2),234,,1,0,R.VATVSLPR.S,,CID,108 - 115,P00761|TRYP_PIG,Trypsin precursor - Sus scrofa
165,,true,5205,421.7606,841.5022,2,5.38,10.62,29.60,48.7 (M:48.7),234,,1,0,R.VATVSLPR.S,,CID,108 - 115,P00761|TRYP_PIG,Trypsin precursor - Sus scrofa
166,,true,3855,421.7606,841.5022,2,5.38,8.09,24.80,62.3 (M:62.3),234,,1,0,R.VATVSLPR.S,,CID,108 - 115,P00761|TRYP_PIG,Trypsin precursor - Sus scrofa
167,,true,5197,421.7606,841.5022,2,5.38,9.47,29.57,49.5 (M:49.5),234,,1,0,R.VATVSLPR.S,,CID,108 - 115,P00761|TRYP_PIG,Trypsin precursor - Sus scrofa
168,,true,4332,421.7606,841.5022,2,5.40,1.90,26.42,59.8 (M:59.8),234,,1,0,R.VATVSLPR.S,,CID,108 - 115,P00761|TRYP_PIG,Trypsin precursor - Sus scrofa
169,,true,5539,421.7606,841.5022,2,5.40,3.86,30.40,45.8 (M:45.8),234,,1,0,R.VATVSLPR.S,,CID,108 - 115,P00761|TRYP_PIG,Trypsin precursor - Sus scrofa
170,,true,10560,421.7606,841.5022,2,5.42,11.79,41.22,48.5 (M:48.5),234,,1,0,R.VATVSLPR.S,,CID,108 - 115,P00761|TRYP_PIG,Trypsin precursor - Sus scrofa
171,,true,3946,421.7606,841.5022,2,5.42,6.80,25.08,68.2 (M:68.2),234,,1,0,R.VATVSLPR.S,,CID,108 - 115,P00761|TRYP_PIG,Trypsin precursor - Sus scrofa
172,,true,3956,421.7606,841.5022,2,5.42,4.83,25.10,60.5 (M:60.5),234,,1,0,R.VATVSLPR.S,,CID,108 - 115,P00761|TRYP_PIG,Trypsin precursor - Sus scrofa
173,,true,13409,421.7607,841.5022,2,5.45,9.41,54.12,44.3 (M:44.3),234,,1,0,R.VATVSLPR.S,,CID,108 - 115,P00761|TRYP_PIG,Trypsin precursor - Sus scrofa
174,,true,3862,421.7607,841.5022,2,5.45,7.50,24.83,62.3 (M:62.3),234,,1,0,R.VATVSLPR.S,,CID,108 - 115,P00761|TRYP_PIG,Trypsin precursor - Sus scrofa
175,,true,13411,421.7607,841.5022,2,5.45,8.30,54.15,40.7 (M:40.7),234,,1,0,R.VATVSLPR.S,,CID,108 - 115,P00761|TRYP_PIG,Trypsin precursor - Sus scrofa
176,,true,4204,421.7607,841.5022,2,5.47,8.05,26.18,47.2 (M:47.2),234,,1,0,R.VATVSLPR.S,,CID,108 - 115,P00761|TRYP_PIG,Trypsin precursor - Sus scrofa
177,,true,3996,421.7607,841.5022,2,5.47,5.42,25.35,60.3 (M:60.3),234,,1,0,R.VATVSLPR.S,,CID,108 - 115,P00761|TRYP_PIG,Trypsin precursor - Sus scrofa
178,,true,4192,421.7607,841.5022,2,5.47,3.00,26.15,44.7 (M:44.7),234,,1,0,R.VATVSLPR.S,,CID,108 - 115,P00761|TRYP_PIG,Trypsin precursor - Sus scrofa
179,,true,13420,421.7607,841.5022,2,5.52,4.95,54.43,47.9 (M:47.9),234,,1,0,R.VATVSLPR.S,,CID,108 - 115,P00761|TRYP_PIG,Trypsin precursor - Sus scrofa
180,,true,5272,421.7607,841.5022,2,5.54,3.91,29.85,52.8 (M:52.8),234,,1,0,R.VATVSLPR.S,,CID,108 - 115,P00761|TRYP_PIG,Trypsin precursor - Sus scrofa
181,,true,9294,421.7607,841.5022,2,5.54,13.43,38.57,38.0 (M:38.0),234,,1,0,R.VATVSLPR.S,,CID,108 - 115,P00761|TRYP_PIG,Trypsin precursor - Sus scrofa
182,,true,13095,421.7607,841.5022,2,5.57,7.11,51.52,36.7 (M:36.7),234,,1,0,R.VATVSLPR.S,,CID,108 - 115,P00761|TRYP_PIG,Trypsin precursor - Sus scrofa
183,,true,13100,421.7607,841.5022,2,5.57,9.78,51.55,63.1 (M:63.1),234,,1,0,R.VATVSLPR.S,,CID,108 - 115,P00761|TRYP_PIG,Trypsin precursor - Sus scrofa
184,,true,8446,421.7607,841.5022,2,5.61,10.68,36.70,48.9 (M:48.9),234,,1,0,R.VATVSLPR.S,,CID,108 - 115,P00761|TRYP_PIG,Trypsin precursor - Sus scrofa
185,,true,13463,421.7607,841.5022,2,5.64,6.62,55.73,44.1 (M:44.1),234,,1,0,R.VATVSLPR.S,,CID,108 - 115,P00761|TRYP_PIG,Trypsin precursor - Sus scrofa
186,,true,7296,421.7607,841.5022,2,5.66,6.29,34.15,60.5 (M:60.5),234,,1,0,R.VATVSLPR.S,,CID,108 - 115,P00761|TRYP_PIG,Trypsin precursor - Sus scrofa
187,,true,4537,421.7607,841.5022,2,5.66,6.78,27.22,48.0 (M:48.0),234,,1,0,R.VATVSLPR.S,,CID,108 - 115,P00761|TRYP_PIG,Trypsin precursor - Sus scrofa
188,,true,7695,421.7608,841.5022,2,5.68,8.43,34.97,54.5 (M:54.5),234,,1,0,R.VATVSLPR.S,,CID,108 - 115,P00761|TRYP_PIG,Trypsin precursor - Sus scrofa
189,,true,8942,421.7608,841.5022,2,5.68,7.88,37.75,56.5 (M:56.5),234,,1,0,R.VATVSLPR.S,,CID,108 - 115,P00761|TRYP_PIG,Trypsin precursor - Sus scrofa
190,,true,8925,421.7608,841.5022,2,5.68,5.83,37.73,65.1 (M:65.1),234,,1,0,R.VATVSLPR.S,,CID,108 - 115,P00761|TRYP_PIG,Trypsin precursor - Sus scrofa
191,,true,3999,421.7608,841.5022,2,5.68,6.18,25.38,62.2 (M:62.2),234,,1,0,R.VATVSLPR.S,,CID,108 - 115,P00761|TRYP_PIG,Trypsin precursor - Sus scrofa
192,,true,8587,421.7608,841.5022,2,5.71,12.91,36.95,54.4 (M:54.4),234,,1,0,R.VATVSLPR.S,,CID,108 - 115,P00761|TRYP_PIG,Trypsin precursor - Sus scrofa
193,,true,13471,421.7608,841.5022,2,5.71,8.76,56.23,53.9 (M:53.9),234,,1,0,R.VATVSLPR.S,,CID,108 - 115,P00761|TRYP_PIG,Trypsin precursor - Sus scrofa
194,,true,5529,421.7608,841.5022,2,5.71,6.11,30.38,42.8 (M:42.8),234,,1,0,R.VATVSLPR.S,,CID,108 - 115,P00761|TRYP_PIG,Trypsin precursor - Sus scrofa
195,,true,8431,421.7608,841.5022,2,5.71,9.86,36.67,56.0 (M:56.0),234,,1,0,R.VATVSLPR.S,,CID,108 - 115,P00761|TRYP_PIG,Trypsin precursor - Sus scrofa
196,,true,8569,421.7608,841.5022,2,5.71,12.93,36.92,50.8 (M:50.8),234,,1,0,R.VATVSLPR.S,,CID,108 - 115,P00761|TRYP_PIG,Trypsin precursor - Sus scrofa
197,,true,12284,421.7608,841.5022,2,5.73,10.73,45.72,35.7 (M:35.7),234,,1,0,R.VATVSLPR.S,,CID,108 - 115,P00761|TRYP_PIG,Trypsin precursor - Sus scrofa
198,,true,13316,421.7608,841.5022,2,5.73,8.10,52.78,48.4 (M:48.4),234,,1,0,R.VATVSLPR.S,,CID,108 - 115,P00761|TRYP_PIG,Trypsin precursor - Sus scrofa
199,,true,9140,421.7608,841.5022,2,5.78,5.99,38.28,54.8 (M:54.8),234,,1,0,R.VATVSLPR.S,,CID,108 - 115,P00761|TRYP_PIG,Trypsin precursor - Sus scrofa
200,,true,10578,421.7608,841.5022,2,5.80,6.80,41.25,39.8 (M:39.8),234,,1,0,R.VATVSLPR.S,,CID,108 - 115,P00761|TRYP_PIG,Trypsin precursor - Sus scrofa
201,,true,8322,421.7608,841.5022,2,5.80,3.73,36.45,46.9 (M:46.9),234,,1,0,R.VATVSLPR.S,,CID,108 - 115,P00761|TRYP_PIG,Trypsin precursor - Sus scrofa
202,,true,6259,421.7608,841.5022,2,5.80,5.78,32.03,46.4 (M:46.4),234,,1,0,R.VATVSLPR.S,,CID,108 - 115,P00761|TRYP_PIG,Trypsin precursor - Sus scrofa
203,,true,8304,421.7608,841.5022,2,5.80,9.61,36.42,64.7 (M:64.7),234,,1,0,R.VATVSLPR.S,,CID,108 - 115,P00761|TRYP_PIG,Trypsin precursor - Sus scrofa
204,,true,4408,421.7608,841.5022,2,5.83,5.98,26.93,56.4 (M:56.4),234,,1,0,R.VATVSLPR.S,,CID,108 - 115,P00761|TRYP_PIG,Trypsin precursor - Sus scrofa
205,,true,4414,421.7608,841.5022,2,5.83,6.59,26.97,53.1 (M:53.1),234,,1,0,R.VATVSLPR.S,,CID,108 - 115,P00761|TRYP_PIG,Trypsin precursor - Sus scrofa
206,,true,12044,421.7608,841.5022,2,5.83,11.31,44.73,52.6 (M:52.6),234,,1,0,R.VATVSLPR.S,,CID,108 - 115,P00761|TRYP_PIG,Trypsin precursor - Sus scrofa
207,,true,6105,421.7608,841.5022,2,5.83,8.76,31.75,48.3 (M:48.3),234,,1,0,R.VATVSLPR.S,,CID,108 - 115,P00761|TRYP_PIG,Trypsin precursor - Sus scrofa
208,,true,6241,421.7608,841.5022,2,5.83,9.54,32.00,47.4 (M:47.4),234,,1,0,R.VATVSLPR.S,,CID,108 - 115,P00761|TRYP_PIG,Trypsin precursor - Sus scrofa
209,,true,6096,421.7608,841.5022,2,5.83,8.92,31.72,42.0 (M:42.0),234,,1,0,R.VATVSLPR.S,,CID,108 - 115,P00761|TRYP_PIG,Trypsin precursor - Sus scrofa
210,,true,12016,421.7608,841.5022,2,5.83,4.20,44.67,40.0 (M:40.0),234,,1,0,R.VATVSLPR.S,,CID,108 - 115,P00761|TRYP_PIG,Trypsin precursor - Sus scrofa
211,,true,13386,421.7608,841.5022,2,5.85,7.86,53.60,38.0 (M:38.0),234,,1,0,R.VATVSLPR.S,,CID,108 - 115,P00761|TRYP_PIG,Trypsin precursor - Sus scrofa
212,,true,13389,421.7608,841.5022,2,5.85,5.09,53.63,38.6 (M:38.6),234,,1,0,R.VATVSLPR.S,,CID,108 - 115,P00761|TRYP_PIG,Trypsin precursor - Sus scrofa
213,,true,6392,421.7608,841.5022,2,5.90,5.56,32.28,54.5 (M:54.5),234,,1,0,R.VATVSLPR.S,,CID,108 - 115,P00761|TRYP_PIG,Trypsin precursor - Sus scrofa
214,,true,12248,421.7608,841.5022,2,5.90,5.45,45.48,52.5 (M:52.5),234,,1,0,R.VATVSLPR.S,,CID,108 - 115,P00761|TRYP_PIG,Trypsin precursor - Sus scrofa
215,,true,6379,421.7608,841.5022,2,5.90,4.66,32.25,47.6 (M:47.6),234,,1,0,R.VATVSLPR.S,,CID,108 - 115,P00761|TRYP_PIG,Trypsin precursor - Sus scrofa
216,,true,3816,421.7608,841.5022,2,5.90,7.43,24.57,62.3 (M:62.3),234,,1,0,R.VATVSLPR.S,,CID,108 - 115,P00761|TRYP_PIG,Trypsin precursor - Sus scrofa
217,,true,9866,421.7609,841.5022,2,5.92,3.45,39.67,48.3 (M:48.3),234,,1,0,R.VATVSLPR.S,,CID,108 - 115,P00761|TRYP_PIG,Trypsin precursor - Sus scrofa
218,,true,12278,421.7609,841.5022,2,5.92,10.03,45.68,58.2 (M:58.2),234,,1,0,R.VATVSLPR.S,,CID,108 - 115,P00761|TRYP_PIG,Trypsin precursor - Sus scrofa
219,,true,9684,421.7609,841.5022,2,5.97,3.86,39.30,51.0 (M:51.0),234,,1,0,R.VATVSLPR.S,,CID,108 - 115,P00761|TRYP_PIG,Trypsin precursor - Sus scrofa
220,,true,10675,421.7609,841.5022,2,5.97,14.09,41.50,39.7 (M:39.7),234,,1,0,R.VATVSLPR.S,,CID,108 - 115,P00761|TRYP_PIG,Trypsin precursor - Sus scrofa
221,,true,10656,421.7609,841.5022,2,5.97,16.55,41.48,56.5 (M:56.5),234,,1,0,R.VATVSLPR.S,,CID,108 - 115,P00761|TRYP_PIG,Trypsin precursor - Sus scrofa
222,,true,9697,421.7609,841.5022,2,5.97,15.25,39.33,52.1 (M:52.1),234,,1,0,R.VATVSLPR.S,,CID,108 - 115,P00761|TRYP_PIG,Trypsin precursor - Sus scrofa
223,,true,3811,421.7609,841.5022,2,6.02,6.34,24.53,62.2 (M:62.2),234,,1,0,R.VATVSLPR.S,,CID,108 - 115,P00761|TRYP_PIG,Trypsin precursor - Sus scrofa
224,,true,13444,421.7609,841.5022,2,6.02,8.06,55.15,45.5 (M:45.5),234,,1,0,R.VATVSLPR.S,,CID,108 - 115,P00761|TRYP_PIG,Trypsin precursor - Sus scrofa
225,,true,13482,421.7609,841.5022,2,6.02,4.78,57.02,53.6 (M:53.6),234,,1,0,R.VATVSLPR.S,,CID,108 - 115,P00761|TRYP_PIG,Trypsin precursor - Sus scrofa
226,,true,5645,421.7609,841.5022,2,6.04,11.26,30.63,52.6 (M:52.6),234,,1,0,R.VATVSLPR.S,,CID,108 - 115,P00761|TRYP_PIG,Trypsin precursor - Sus scrofa
227,,true,6746,421.7609,841.5022,2,6.04,8.45,33.10,59.8 (M:59.8),234,,1,0,R.VATVSLPR.S,,CID,108 - 115,P00761|TRYP_PIG,Trypsin precursor - Sus scrofa
228,,true,6735,421.7609,841.5022,2,6.04,9.22,33.03,56.6 (M:56.6),234,,1,0,R.VATVSLPR.S,,CID,108 - 115,P00761|TRYP_PIG,Trypsin precursor - Sus scrofa
229,,true,5662,421.7610,841.5022,2,6.18,8.44,30.67,48.8 (M:48.8),234,,1,0,R.VATVSLPR.S,,CID,108 - 115,P00761|TRYP_PIG,Trypsin precursor - Sus scrofa
230,,true,9416,421.7610,841.5022,2,6.25,12.14,38.78,50.3 (M:50.3),234,,1,0,R.VATVSLPR.S,,CID,108 - 115,P00761|TRYP_PIG,Trypsin precursor - Sus scrofa
231,,true,9434,421.7610,841.5022,2,6.25,15.39,38.82,43.1 (M:43.1),234,,1,0,R.VATVSLPR.S,,CID,108 - 115,P00761|TRYP_PIG,Trypsin precursor - Sus scrofa
232,,true,8792,421.7610,841.5022,2,6.30,12.58,37.47,52.1 (M:52.1),234,,1,0,R.VATVSLPR.S,,CID,108 - 115,P00761|TRYP_PIG,Trypsin precursor - Sus scrofa
233,,true,8773,421.7610,841.5022,2,6.30,6.45,37.45,37.6 (M:37.6),234,,1,0,R.VATVSLPR.S,,CID,108 - 115,P00761|TRYP_PIG,Trypsin precursor - Sus scrofa
234,,true,13457,421.7611,841.5022,2,6.42,6.06,55.47,53.8 (M:53.8),234,,1,0,R.VATVSLPR.S,,CID,108 - 115,P00761|TRYP_PIG,Trypsin precursor - Sus scrofa
235,,true,9571,421.7611,841.5022,2,6.44,8.56,39.10,54.4 (M:54.4),234,,1,0,R.VATVSLPR.S,,CID,108 - 115,P00761|TRYP_PIG,Trypsin precursor - Sus scrofa
236,,true,9537,421.7611,841.5022,2,6.49,10.62,39.03,49.4 (M:49.4),234,,1,0,R.VATVSLPR.S,,CID,108 - 115,P00761|TRYP_PIG,Trypsin precursor - Sus scrofa
237,,true,13373,421.7611,841.5022,2,6.49,7.66,53.35,56.2 (M:56.2),234,,1,0,R.VATVSLPR.S,,CID,108 - 115,P00761|TRYP_PIG,Trypsin precursor - Sus scrofa
238,,true,13374,421.7611,841.5022,2,6.49,6.46,53.38,45.0 (M:45.0),234,,1,0,R.VATVSLPR.S,,CID,108 - 115,P00761|TRYP_PIG,Trypsin precursor - Sus scrofa
239,,true,13338,421.7612,841.5022,2,6.66,7.91,52.97,38.3 (M:38.3),234,,1,0,R.VATVSLPR.S,,CID,108 - 115,P00761|TRYP_PIG,Trypsin precursor - Sus scrofa
240,,true,6670,421.7612,841.5022,2,6.75,7.26,32.77,47.8 (M:47.8),234,,1,0,R.VATVSLPR.S,,CID,108 - 115,P00761|TRYP_PIG,Trypsin precursor - Sus scrofa
241,,true,6687,421.7612,841.5022,2,6.75,7.70,32.80,44.6 (M:44.6),234,,1,0,R.VATVSLPR.S,,CID,108 - 115,P00761|TRYP_PIG,Trypsin precursor - Sus scrofa
242,,true,13355,421.7612,841.5022,2,6.82,6.43,53.08,54.0 (M:54.0),234,,1,0,R.VATVSLPR.S,,CID,108 - 115,P00761|TRYP_PIG,Trypsin precursor - Sus scrofa
243,,true,13360,421.7612,841.5022,2,6.82,11.52,53.12,53.6 (M:53.6),234,,1,0,R.VATVSLPR.S,,CID,108 - 115,P00761|TRYP_PIG,Trypsin precursor - Sus scrofa
244,,true,13455,421.7613,841.5022,2,7.01,8.96,55.40,43.8 (M:43.8),234,,1,0,R.VATVSLPR.S,,CID,108 - 115,P00761|TRYP_PIG,Trypsin precursor - Sus scrofa
245,,true,5802,421.7615,841.5022,2,7.34,6.80,31.00,44.9 (M:44.9),234,,1,0,R.VATVSLPR.S,,CID,108 - 115,P00761|TRYP_PIG,Trypsin precursor - Sus scrofa
246,,true,5784,421.7615,841.5022,2,7.39,4.03,30.88,48.0 (M:48.0),234,,1,0,R.VATVSLPR.S,,CID,108 - 115,P00761|TRYP_PIG,Trypsin precursor - Sus scrofa
247,,true,4423,426.8841,1277.6227,3,6.01,17.90,26.98,41.8 (M:41.8),2,,1,0,R.MVNHFVQEFK.R,,CID,243 - 252,At5g02490.1_ARATH,HSC70-2 _GAG_URT1partners
248,,true,6588,435.7758,869.5335,2,4.17,21.66,32.63,38.6 (M:38.6),2,,1,0,R.IAGLEVLR.I,,CID,236 - 243,At4g24280.1_ARATH,cpHsc70-1_GAG_URT1partners
249,,true,6568,435.7758,869.5335,2,4.17,13.15,32.60,43.7 (M:43.7),2,,1,0,R.IAGLEVLR.I,,CID,236 - 243,At4g24280.1_ARATH,cpHsc70-1_GAG_URT1partners
250,,true,3664,437.7552,873.4920,2,4.48,9.22,23.72,33.9 (M:33.9),2,,1,0,R.SLVNLGGSK.S,,CID,66 - 74,P04264|K2C1_HUMAN,"Keratin, type II cytoskeletal 1 - Homo sapiens"
251,,false,2276,439.7153,877.4254,2,-10.70,266.32,18.23,17.8 (M:17.8),1,,1,0,K.SGGGGSTSIR.F,,CID,615 - 624,Q01546|K22O_HUMAN,"Keratin, type II cytoskeletal 2 oral - Homo sapiens"
252,,false,3229,444.2531,886.4733,2,20.61,33.67,22.38,19.6 (M:19.6),1,,1,2,R.SSERPRR.V,,CID,22 - 28,Q9VKD8_DROME-CG6686v2_N.Matt,>Q9VKD8_DROME-CG6686v2_N.Matt
253,,true,3408,446.2440,1335.7034,3,5.12,15.33,23.20,33.6 (M:33.6),1,,1,1,R.TAAENDFVTLKK.D,,CID,282 - 293,P35908|K22E_HUMAN,"Keratin, type II cytoskeletal 2 epidermal - Homo sapiens"
254,,true,486,446.8823,1337.6212,3,2.94,9.01,10.80,46.1 (M:46.1),2,,1,1,K.DAYVGDEAQSKR.G,,CID,53 - 64,At5g09810.1_ARATH,ACT7_GAG_URT1partners
255,,true,482,446.8823,1337.6212,3,2.94,8.43,10.77,47.9 (M:47.9),2,,1,1,K.DAYVGDEAQSKR.G,,CID,53 - 64,At5g09810.1_ARATH,ACT7_GAG_URT1partners
256,,false,6804,447.7437,893.4681,2,5.28,14.25,33.22,27.2 (M:27.2),2,,1,0,R.MLFDIQK.F,,CID,389 - 395,At1g54270.1_ARATH,EIF4A-2_GAG_URT1partners
257,,false,5211,449.2130,896.4062,2,5.93,10.50,29.63,26.0 (M:26.0),2,,1,0,R.MTLDDFR.I,,CID,234 - 240,P35527|K1C9_HUMAN,"Keratin, type I cytoskeletal 9 - Homo sapiens"
258,,false,3863,453.2455,1356.7110,3,2.67,56.50,24.83,23.1 (M:23.1),2,,1,1,R.QSVEADINGLRR.V,,CID,246 - 257,P13645|K1C10_HUMAN,"Keratin, type I cytoskeletal 10 - Homo sapiens"
259,,false,5648,456.7492,911.4786,2,5.59,10.95,30.63,15.6 (M:15.6),1,,1,0,K.MSYASILK.V,,CID,236 - 243,At5g43960.1_ARATH,nuclear transport factor 2 (NTF2) family protein_GAG_URT1partners
260,,false,3356,457.2100,912.4011,2,4.73,14.16,23.05,25.6 (M:25.6),2,,1,0,R.MTLDDFR.I,Oxidation: 1,CID,234 - 240,P35527|K1C9_HUMAN,"Keratin, type I cytoskeletal 9 - Homo sapiens"
261,,false,1582,458.2503,914.4821,2,4.35,8.14,15.43,28.2 (M:28.2),2,,1,0,R.TPVENSLR.D,,CID,389 - 396,At4g24280.1_ARATH,cpHsc70-1_GAG_URT1partners
262,,true,1726,461.2283,920.4386,2,3.86,8.38,16.13,30.3 (M:30.3),2,,1,0,K.SAIGEGMTR.K,,CID,380 - 388,At1g76030.1_ARATH,vacuolar ATP synthase subunit B_GAG_URT1partners
263,,true,3271,465.2512,1392.7249,3,4.91,10.67,22.78,54.4 (M:54.4),2,,1,1,R.TNAENEFVTIKK.D,,CID,278 - 289,P04264|K2C1_HUMAN,"Keratin, type II cytoskeletal 1 - Homo sapiens"
264,,true,3267,465.2512,1392.7249,3,4.91,6.41,22.75,64.4 (M:64.4),2,,1,1,R.TNAENEFVTIKK.D,,CID,278 - 289,P04264|K2C1_HUMAN,"Keratin, type II cytoskeletal 1 - Homo sapiens"
265,,true,1291,466.7578,931.4975,2,3.88,19.43,14.38,30.5 (M:30.5),2,,1,0,R.VTDALNATK.A,,CID,427 - 435,At2g33210.1_ARATH,HSP60-2_GAG_URT1partners
266,,false,4048,467.2632,932.5080,2,4.05,102.35,25.77,20.7 (M:20.7),1,,1,0,R.AQIEAFVR.L,,CID,255 - 262,DIS3Lhuman_SPfeffer_IBMC,>DIS3Lhuman_SPfeffer_IBMC
267,,true,2100,468.7447,935.4712,2,3.93,32.78,17.60,30.5 (M:30.5),1,,1,0,R.QVYIEER.R,,CID,386 - 392,At5g43960.1_ARATH,nuclear transport factor 2 (NTF2) family protein_GAG_URT1partners
268,,false,1423,480.7513,959.4924,2,-4.61,16.94,14.83,15.2 (M:15.2),1,,1,0,R.VEDALNATK.A,,CID,450 - 458,At1g55490.1_ARATH,CPN60B_GAG_URT1partners
269,,true,4078,487.2712,972.5240,2,3.96,11.32,25.85,30.9 (M:30.9),2,,1,0,K.IEISELNR.V,,CID,400 - 407,P35908|K22E_HUMAN,"Keratin, type II cytoskeletal 2 epidermal - Homo sapiens"
270,,true,4078,487.2712,972.5240,2,3.96,11.32,25.85,30.9 (M:30.9),2,,1,0,K.IEISELNR.V,,CID,396 - 403,P04264|K2C1_HUMAN,"Keratin, type II cytoskeletal 1 - Homo sapiens"
271,,true,1699,488.7293,975.4410,2,3.13,9.57,16.03,78.7 (M:78.7),2,,1,0,K.AGFAGDDAPR.A,,CID,21 - 30,At5g09810.1_ARATH,ACT7_GAG_URT1partners
272,,true,1709,488.7293,975.4410,2,3.13,8.30,16.07,96.4 (M:96.4),2,,1,0,K.AGFAGDDAPR.A,,CID,21 - 30,At5g09810.1_ARATH,ACT7_GAG_URT1partners
273,,false,2065,490.2479,978.4771,2,4.17,8.63,17.45,24.0 (M:24.0),2,,1,0,R.EIVNEYGR.G,,CID,42 - 49,Protein_3aFLAG_Katya_IBMP,>Protein_3aFLAG_Katya_IBMP
274,,true,2719,497.2550,992.4927,2,2.67,6.58,19.78,35.2 (M:35.2),2,,1,0,K.YENEVALR.Q,,CID,238 - 245,P13645|K1C10_HUMAN,"Keratin, type I cytoskeletal 10 - Homo sapiens"
275,,true,1692,498.5844,1492.7270,3,2.95,13.67,16.02,58.5 (M:58.5),3,,1,1,R.SQYEQLAEQNRK.D,,CID,323 - 334,P13645|K1C10_HUMAN,"Keratin, type I cytoskeletal 10 - Homo sapiens"
276,,true,1700,498.5844,1492.7270,3,2.95,11.84,16.03,41.5 (M:41.5),3,,1,1,R.SQYEQLAEQNRK.D,,CID,323 - 334,P13645|K1C10_HUMAN,"Keratin, type I cytoskeletal 10 - Homo sapiens"
277,,true,2121,500.2277,998.4379,2,2.99,7.11,17.75,36.2 (M:36.2),2,,1,0,K.DVDGAYMTK.V,,CID,290 - 298,P04264|K2C1_HUMAN,"Keratin, type II cytoskeletal 1 - Homo sapiens"
278,,true,2130,500.2277,998.4379,2,2.99,12.48,17.78,46.0 (M:46.0),2,,1,0,K.DVDGAYMTK.V,,CID,290 - 298,P04264|K2C1_HUMAN,"Keratin, type II cytoskeletal 1 - Homo sapiens"
279,,true,1870,503.7488,1005.4801,2,2.89,15.56,16.57,73.8 (M:73.8),3,,1,0,K.APVLSDSSCK.S,,CID,148 - 157,P00761|TRYP_PIG,Trypsin precursor - Sus scrofa
280,,true,1858,503.7488,1005.4801,2,2.89,38.76,16.53,34.8 (M:34.8),3,,1,0,K.APVLSDSSCK.S,,CID,148 - 157,P00761|TRYP_PIG,Trypsin precursor - Sus scrofa
281,,true,1963,503.7493,1005.4801,2,3.96,9.86,16.93,30.8 (M:30.8),3,,1,0,K.APVLSDSSCK.S,,CID,148 - 157,P00761|TRYP_PIG,Trypsin precursor - Sus scrofa
282,,true,3381,508.2955,1014.5710,2,5.48,9.85,23.12,39.9 (M:39.9),2,,1,0,K.LVIVGDGGTGK.T,,CID,16 - 26,At5g20010.1_ARATH,RAN-1_GAG_URT1partners
283,,true,484,509.2898,1016.5615,2,3.58,10.74,10.78,36.4 (M:36.4),1,,1,1,K.ITITNDKGR.L,,CID,507 - 515,At5g02490.1_ARATH,HSC70-2 _GAG_URT1partners
284,,true,6332,512.8148,1023.6077,2,7.26,10.30,32.15,37.0 (M:37.0),2,,1,0,R.IPAVQELVR.K,,CID,417 - 425,At4g24280.1_ARATH,cpHsc70-1_GAG_URT1partners
285,,true,5726,516.3055,1030.5910,2,5.19,6.39,30.77,31.6 (M:31.6),2,,1,0,R.VLDELTLTK.A,,CID,258 - 266,P13645|K1C10_HUMAN,"Keratin, type I cytoskeletal 10 - Homo sapiens"
286,,true,5746,516.3055,1030.5910,2,5.19,6.52,30.80,38.3 (M:38.3),2,,1,0,R.VLDELTLTK.A,,CID,258 - 266,P13645|K1C10_HUMAN,"Keratin, type I cytoskeletal 10 - Homo sapiens"
287,,true,2371,517.2633,1032.5088,2,3.14,11.27,18.55,58.7 (M:58.7),4,,1,0,R.TLLEGEESR.M,,CID,484 - 492,P04264|K2C1_HUMAN,"Keratin, type II cytoskeletal 1 - Homo sapiens"
288,,true,2459,517.2633,1032.5088,2,3.14,10.40,18.80,56.1 (M:56.1),4,,1,0,R.TLLEGEESR.M,,CID,484 - 492,P04264|K2C1_HUMAN,"Keratin, type II cytoskeletal 1 - Homo sapiens"
289,,true,2379,517.2633,1032.5088,2,3.14,6.11,18.58,65.0 (M:65.0),4,,1,0,R.TLLEGEESR.M,,CID,484 - 492,P04264|K2C1_HUMAN,"Keratin, type II cytoskeletal 1 - Homo sapiens"
290,,true,2089,518.7575,1035.4985,2,1.85,15.66,17.55,58.4 (M:58.4),2,,1,1,R.EIVNEYGRG.-,,CID,42 - 50,Protein_3aFLAG_Katya_IBMP,>Protein_3aFLAG_Katya_IBMP
291,,true,2084,518.7588,1035.4985,2,4.38,6.76,17.52,35.9 (M:35.9),2,,1,1,R.EIVNEYGRG.-,,CID,42 - 50,Protein_3aFLAG_Katya_IBMP,>Protein_3aFLAG_Katya_IBMP
292,,true,2460,522.2978,1042.5771,2,3.73,7.11,18.80,49.2 (M:49.2),2,,1,0,R.IVNDGVTVAR.E,,CID,104 - 113,At1g55490.1_ARATH,CPN60B_GAG_URT1partners
293,,true,2468,522.2978,1042.5771,2,3.73,4.92,18.83,66.3 (M:66.3),2,,1,0,R.IVNDGVTVAR.E,,CID,104 - 113,At1g55490.1_ARATH,CPN60B_GAG_URT1partners
294,,true,2829,522.2984,1042.5771,2,4.84,6.61,20.33,68.3 (M:68.3),2,,1,0,K.VVNDGVTIAR.A,,CID,93 - 102,At2g28000.1_ARATH,CPN60A_GAG_URT1partners
295,,true,2825,522.2984,1042.5771,2,4.84,7.56,20.32,58.6 (M:58.6),2,,1,0,K.VVNDGVTIAR.A,,CID,93 - 102,At2g28000.1_ARATH,CPN60A_GAG_URT1partners
296,,true,2920,523.2842,1044.5564,2,-2.49,7.42,20.58,53.1 (M:53.1),40,,1,0,K.LSSPATLNSR.V,,CID,98 - 107,P00761|TRYP_PIG,Trypsin precursor - Sus scrofa
297,,true,2733,523.2847,1044.5564,2,-1.42,6.04,19.83,51.5 (M:51.5),40,,1,0,K.LSSPATLNSR.V,,CID,98 - 107,P00761|TRYP_PIG,Trypsin precursor - Sus scrofa
298,,true,3258,523.2851,1044.5564,2,-0.69,6.04,22.67,33.6 (M:33.6),40,,1,0,K.LSSPATLNSR.V,,CID,98 - 107,P00761|TRYP_PIG,Trypsin precursor - Sus scrofa
299,,true,3261,523.2851,1044.5564,2,-0.69,6.30,22.70,33.0 (M:33.0),40,,1,0,K.LSSPATLNSR.V,,CID,98 - 107,P00761|TRYP_PIG,Trypsin precursor - Sus scrofa
300,,true,2782,523.2854,1044.5564,2,-0.18,4.89,20.07,54.9 (M:54.9),40,,1,0,K.LSSPATLNSR.V,,CID,98 - 107,P00761|TRYP_PIG,Trypsin precursor - Sus scrofa
301,,true,2791,523.2854,1044.5564,2,-0.18,6.07,20.10,47.4 (M:47.4),40,,1,0,K.LSSPATLNSR.V,,CID,98 - 107,P00761|TRYP_PIG,Trypsin precursor - Sus scrofa
302,,true,2960,523.2860,1044.5564,2,0.93,6.71,20.68,47.6 (M:47.6),40,,1,0,K.LSSPATLNSR.V,,CID,98 - 107,P00761|TRYP_PIG,Trypsin precursor - Sus scrofa
303,,true,2976,523.2860,1044.5564,2,0.93,3.61,20.72,42.8 (M:42.8),40,,1,0,K.LSSPATLNSR.V,,CID,98 - 107,P00761|TRYP_PIG,Trypsin precursor - Sus scrofa
304,,true,3154,523.2871,1044.5564,2,3.17,7.43,21.20,35.9 (M:35.9),40,,1,0,K.LSSPATLNSR.V,,CID,98 - 107,P00761|TRYP_PIG,Trypsin precursor - Sus scrofa
305,,true,2604,523.2872,1044.5564,2,3.40,9.54,19.48,63.3 (M:63.3),40,,1,0,K.LSSPATLNSR.V,,CID,98 - 107,P00761|TRYP_PIG,Trypsin precursor - Sus scrofa
306,,true,2595,523.2873,1044.5564,2,3.53,6.68,19.45,58.2 (M:58.2),40,,1,0,K.LSSPATLNSR.V,,CID,98 - 107,P00761|TRYP_PIG,Trypsin precursor - Sus scrofa
307,,true,4872,523.2874,1044.5564,2,3.74,12.47,27.87,30.3 (M:30.3),40,,1,0,K.LSSPATLNSR.V,,CID,98 - 107,P00761|TRYP_PIG,Trypsin precursor - Sus scrofa
308,,true,6524,523.2874,1044.5564,2,3.78,10.32,32.52,32.4 (M:32.4),40,,1,0,K.LSSPATLNSR.V,,CID,98 - 107,P00761|TRYP_PIG,Trypsin precursor - Sus scrofa
309,,true,2546,523.2875,1044.5564,2,3.80,4.28,19.17,58.9 (M:58.9),40,,1,0,K.LSSPATLNSR.V,,CID,98 - 107,P00761|TRYP_PIG,Trypsin precursor - Sus scrofa
310,,true,2502,523.2875,1044.5564,2,3.80,7.00,18.93,55.8 (M:55.8),40,,1,0,K.LSSPATLNSR.V,,CID,98 - 107,P00761|TRYP_PIG,Trypsin precursor - Sus scrofa
311,,true,2488,523.2875,1044.5564,2,3.80,5.50,18.90,57.7 (M:57.7),40,,1,0,K.LSSPATLNSR.V,,CID,98 - 107,P00761|TRYP_PIG,Trypsin precursor - Sus scrofa
312,,true,2550,523.2875,1044.5564,2,3.80,6.72,19.20,60.2 (M:60.2),40,,1,0,K.LSSPATLNSR.V,,CID,98 - 107,P00761|TRYP_PIG,Trypsin precursor - Sus scrofa
313,,true,3345,523.2882,1044.5564,2,5.23,11.19,23.02,36.1 (M:36.1),40,,1,0,K.LSSPATLNSR.V,,CID,98 - 107,P00761|TRYP_PIG,Trypsin precursor - Sus scrofa
314,,true,3459,523.2883,1044.5564,2,5.38,12.66,23.32,35.9 (M:35.9),40,,1,0,K.LSSPATLNSR.V,,CID,98 - 107,P00761|TRYP_PIG,Trypsin precursor - Sus scrofa
315,,true,3080,523.2883,1044.5564,2,5.50,6.81,20.93,34.0 (M:34.0),40,,1,0,K.LSSPATLNSR.V,,CID,98 - 107,P00761|TRYP_PIG,Trypsin precursor - Sus scrofa
316,,true,3090,523.2892,1044.5564,2,7.14,12.61,20.97,36.8 (M:36.8),40,,1,0,K.LSSPATLNSR.V,,CID,98 - 107,P00761|TRYP_PIG,Trypsin precursor - Sus scrofa
317,,true,3331,523.2919,1044.5564,2,12.21,7.75,22.98,47.0 (M:47.0),40,,1,0,K.LSSPATLNSR.V,,CID,98 - 107,P00761|TRYP_PIG,Trypsin precursor - Sus scrofa
318,,false,1773,530.3073,1058.5972,2,2.73,13.50,16.30,22.6 (M:22.6),1,,1,1,R.KGVVTLEEGK.S,,CID,226 - 235,At1g55490.1_ARATH,CPN60B_GAG_URT1partners
319,,true,5129,530.7879,1059.5560,2,4.89,9.87,29.22,63.6 (M:63.6),2,,1,0,K.TLLDIDNTR.M,,CID,225 - 233,P35527|K1C9_HUMAN,"Keratin, type I cytoskeletal 9 - Homo sapiens"
320,,true,5122,530.7879,1059.5560,2,4.89,7.86,29.18,65.2 (M:65.2),2,,1,0,K.TLLDIDNTR.M,,CID,225 - 233,P35527|K1C9_HUMAN,"Keratin, type I cytoskeletal 9 - Homo sapiens"
321,,true,1524,533.2536,1064.4921,2,0.59,173.69,15.25,35.3 (M:35.3),3,,1,0,K.STMQELNSR.L,,CID,155 - 163,P35527|K1C9_HUMAN,"Keratin, type I cytoskeletal 9 - Homo sapiens"
322,,false,6477,545.3045,1088.5900,2,4.13,23.62,32.42,21.7 (M:21.7),2,,1,0,K.AMQLLESGLK.V,,CID,78 - 87,At3g58700.1_ARATH,60S ribosomal protein L11 (RPL11B)_GAG_URT1partners
323,,true,2380,545.7706,1089.5237,2,2.73,8.28,18.58,50.3 (M:50.3),2,,1,0,K.VTMQNLNDR.L,,CID,148 - 156,P13645|K1C10_HUMAN,"Keratin, type I cytoskeletal 10 - Homo sapiens"
324,,true,2372,545.7706,1089.5237,2,2.73,9.84,18.55,65.8 (M:65.8),2,,1,0,K.VTMQNLNDR.L,,CID,148 - 156,P13645|K1C10_HUMAN,"Keratin, type I cytoskeletal 10 - Homo sapiens"
325,,true,9925,546.9607,1637.8526,3,4.70,13.06,39.77,50.6 (M:50.6),2,,1,1,K.SLNNQFASFIDKVR.F,,CID,186 - 199,P04264|K2C1_HUMAN,"Keratin, type II cytoskeletal 1 - Homo sapiens"
326,,true,9908,546.9607,1637.8526,3,4.70,28.26,39.73,35.6 (M:35.6),2,,1,1,K.SLNNQFASFIDKVR.F,,CID,186 - 199,P04264|K2C1_HUMAN,"Keratin, type II cytoskeletal 1 - Homo sapiens"
327,,true,8249,553.5333,2210.0968,4,3.35,36.06,36.28,53.4 (M:53.4),54,,1,0,R.LGEHNIDVLEGNEQFINAAK.I,,CID,58 - 77,P00761|TRYP_PIG,Trypsin precursor - Sus scrofa
328,,true,2140,554.2766,1106.5356,2,2.73,22.07,17.82,44.4 (M:44.4),2,,1,0,K.AQYEEIAQR.S,,CID,360 - 368,P35908|K22E_HUMAN,"Keratin, type II cytoskeletal 2 epidermal - Homo sapiens"
329,,true,2131,554.2766,1106.5356,2,2.73,12.67,17.78,37.4 (M:37.4),2,,1,0,K.AQYEEIAQR.S,,CID,360 - 368,P35908|K22E_HUMAN,"Keratin, type II cytoskeletal 2 epidermal - Homo sapiens"
330,,true,5309,555.2506,1108.4825,2,3.75,17.28,29.95,35.4 (M:35.4),3,,1,0,K.DAEAWFNEK.S,,CID,335 - 343,P13645|K1C10_HUMAN,"Keratin, type I cytoskeletal 10 - Homo sapiens"
331,,true,9038,557.8480,1113.6758,2,5.08,22.93,38.07,42.2 (M:42.2),1,,1,0,R.VLITTDLLAR.G,,CID,331 - 340,At1g54270.1_ARATH,EIF4A-2_GAG_URT1partners
332,,true,3920,561.2988,1120.5764,2,5.96,16.41,25.02,40.0 (M:40.0),2,,1,0,R.QEYEQLIAK.N,,CID,328 - 336,P35527|K1C9_HUMAN,"Keratin, type I cytoskeletal 9 - Homo sapiens"
333,,true,3901,561.2988,1120.5764,2,5.96,24.59,24.98,31.4 (M:31.4),2,,1,0,R.QEYEQLIAK.N,,CID,328 - 336,P35527|K1C9_HUMAN,"Keratin, type I cytoskeletal 9 - Homo sapiens"
334,,true,1887,563.2920,1124.5714,2,-1.73,8.09,16.67,46.2 (M:46.2),2,,1,0,R.AAPVEEPVGEK.S,,CID,223 - 233,At5g43960.1_ARATH,nuclear transport factor 2 (NTF2) family protein_GAG_URT1partners
335,,true,1890,563.2920,1124.5714,2,-1.73,7.64,16.70,46.7 (M:46.7),2,,1,0,R.AAPVEEPVGEK.S,,CID,223 - 233,At5g43960.1_ARATH,nuclear transport factor 2 (NTF2) family protein_GAG_URT1partners
336,,true,4595,574.3076,1146.5955,2,4.57,8.53,27.30,33.6 (M:33.6),1,,1,0,K.EITALAPSSMK.I,,CID,318 - 328,At5g09810.1_ARATH,ACT7_GAG_URT1partners
337,,true,4042,579.3010,1156.5836,2,3.35,8.16,25.75,73.6 (M:73.6),2,,1,0,R.QGVDADINGLR.Q,,CID,251 - 261,P35527|K1C9_HUMAN,"Keratin, type I cytoskeletal 9 - Homo sapiens"
338,,true,4049,579.3010,1156.5836,2,3.35,13.62,25.78,78.9 (M:78.9),2,,1,0,R.QGVDADINGLR.Q,,CID,251 - 261,P35527|K1C9_HUMAN,"Keratin, type I cytoskeletal 9 - Homo sapiens"
339,,true,12955,579.6228,1735.8352,3,6.56,19.05,50.25,65.0 (M:65.0),2,,1,0,K.VCNYVNWIQQTIAAN.-,,CID,217 - 231,P00761|TRYP_PIG,Trypsin precursor - Sus scrofa
340,,true,1435,580.8017,1159.5833,2,4.74,106.64,14.88,41.3 (M:41.3),2,,1,0,K.NAGVNGSVVSEK.V,,CID,513 - 524,At1g55490.1_ARATH,CPN60B_GAG_URT1partners
341,,true,4322,588.7739,1175.5281,2,4.30,6.58,26.38,44.1 (M:44.1),2,,1,0,R.GYMFTTTAER.E,,CID,199 - 208,At5g09810.1_ARATH,ACT7_GAG_URT1partners
342,,true,4303,588.7739,1175.5281,2,4.30,8.97,26.35,37.6 (M:37.6),2,,1,0,R.GYMFTTTAER.E,,CID,199 - 208,At5g09810.1_ARATH,ACT7_GAG_URT1partners
343,,true,8558,590.2737,1767.7920,3,4.17,14.72,36.90,31.5 (M:31.5),6,,1,0,R.SCAAAGTECLISGWGNTK.S,,CID,116 - 133,P00761|TRYP_PIG,Trypsin precursor - Sus scrofa
344,,true,4287,590.3062,1178.5932,2,4.04,9.54,26.32,42.3 (M:42.3),2,,1,0,K.YEELQITAGR.H,,CID,377 - 386,P04264|K2C1_HUMAN,"Keratin, type II cytoskeletal 1 - Homo sapiens"
345,,false,876,591.7680,1181.5200,2,1.15,7.46,12.58,22.9 (M:22.9),1,,1,0,K.DAYVGDEAQSK.R,,CID,53 - 63,At5g09810.1_ARATH,ACT7_GAG_URT1partners
346,,true,8559,591.8605,1181.7020,2,3.71,13.95,36.90,57.4 (M:57.4),2,,1,0,K.LADLVGVTLGPK.G,,CID,78 - 89,At1g55490.1_ARATH,CPN60B_GAG_URT1partners
347,,true,8536,591.8605,1181.7020,2,3.71,24.97,36.87,52.0 (M:52.0),2,,1,0,K.LADLVGVTLGPK.G,,CID,78 - 89,At1g55490.1_ARATH,CPN60B_GAG_URT1partners
348,,true,5032,595.8095,1189.6013,2,2.58,15.26,28.48,51.9 (M:51.9),2,,1,0,R.QVLDNLTMEK.S,,CID,262 - 271,P35527|K1C9_HUMAN,"Keratin, type I cytoskeletal 9 - Homo sapiens"
349,,true,5011,595.8095,1189.6013,2,2.58,20.53,28.45,38.9 (M:38.9),2,,1,0,R.QVLDNLTMEK.S,,CID,262 - 271,P35527|K1C9_HUMAN,"Keratin, type I cytoskeletal 9 - Homo sapiens"
350,,true,7499,596.6713,1786.9829,3,5.09,11.79,34.53,99.4 (M:99.4),3,,1,1,R.IINEPTAAAIAYGLDKK.A,,CID,176 - 192,At5g02490.1_ARATH,HSC70-2 _GAG_URT1partners
351,,true,7492,596.6713,1786.9829,3,5.09,18.38,34.50,86.1 (M:86.1),3,,1,1,R.IINEPTAAAIAYGLDKK.A,,CID,176 - 192,At5g02490.1_ARATH,HSC70-2 _GAG_URT1partners
352,,true,12934,600.3383,1198.6558,2,5.21,11.71,49.93,58.0 (M:58.0),2,,1,0,R.DLVGVLEDAIR.G,,CID,286 - 296,At1g55490.1_ARATH,CPN60B_GAG_URT1partners
353,,true,12939,600.3383,1198.6558,2,5.21,11.59,49.97,51.2 (M:51.2),2,,1,0,R.DLVGVLEDAIR.G,,CID,286 - 296,At1g55490.1_ARATH,CPN60B_GAG_URT1partners
354,,true,6440,601.9793,1802.9098,3,3.47,16.26,32.37,30.6 (M:30.6),2,,1,1,K.NQVAMNPVNTVFDAKR.L,,CID,60 - 75,At5g02490.1_ARATH,HSC70-2 _GAG_URT1partners
355,,true,6478,601.9793,1802.9098,3,3.47,18.65,32.42,54.5 (M:54.5),2,,1,1,K.NQVAMNPVNTVFDAKR.L,,CID,60 - 75,At5g02490.1_ARATH,HSC70-2 _GAG_URT1partners
356,,true,6100,602.8177,1203.6136,2,6.10,12.85,31.72,50.2 (M:50.2),2,,1,0,R.NVVLDEFGSPK.V,,CID,82 - 92,At2g28000.1_ARATH,CPN60A_GAG_URT1partners
357,,true,6112,602.8177,1203.6136,2,6.10,16.31,31.75,65.0 (M:65.0),2,,1,0,R.NVVLDEFGSPK.V,,CID,82 - 92,At2g28000.1_ARATH,CPN60A_GAG_URT1partners
358,,true,5328,609.9864,1826.9315,3,3.12,13.96,29.98,42.4 (M:42.4),2,,1,1,R.GIYAYGFEKPSAIQQR.G,,CID,53 - 68,At1g54270.1_ARATH,EIF4A-2_GAG_URT1partners
359,,true,5312,609.9864,1826.9315,3,3.12,17.63,29.95,37.9 (M:37.9),2,,1,1,R.GIYAYGFEKPSAIQQR.G,,CID,53 - 68,At1g54270.1_ARATH,EIF4A-2_GAG_URT1partners
360,,true,9485,613.3284,1836.9581,3,2.84,7.98,38.92,48.0 (M:48.0),2,,1,0,R.HGVQELEIELQSQLSK.K,,CID,375 - 390,P35527|K1C9_HUMAN,"Keratin, type I cytoskeletal 9 - Homo sapiens"
361,,true,9478,613.3284,1836.9581,3,2.84,10.37,38.88,66.8 (M:66.8),2,,1,0,R.HGVQELEIELQSQLSK.K,,CID,375 - 390,P35527|K1C9_HUMAN,"Keratin, type I cytoskeletal 9 - Homo sapiens"
362,,true,4716,614.8166,1227.6136,2,4.16,8.53,27.62,35.9 (M:35.9),2,,1,0,K.NLQYYEISAK.S,,CID,146 - 155,At5g20010.1_ARATH,RAN-1_GAG_URT1partners
363,,true,2582,614.8200,1227.6208,2,3.79,6.84,19.42,38.9 (M:38.9),1,,1,0,R.VEIIANDQGNR.T,,CID,29 - 39,At5g02490.1_ARATH,HSC70-2 _GAG_URT1partners
364,,true,1503,616.8044,1231.5905,2,3.00,13.26,15.13,126.3 (M:126.3),2,,1,0,R.SGGGGGGGLGSGGSIR.S,,CID,14 - 29,P35527|K1C9_HUMAN,"Keratin, type I cytoskeletal 9 - Homo sapiens"
365,,true,1491,616.8044,1231.5905,2,3.00,8.31,15.10,111.8 (M:111.8),2,,1,0,R.SGGGGGGGLGSGGSIR.S,,CID,14 - 29,P35527|K1C9_HUMAN,"Keratin, type I cytoskeletal 9 - Homo sapiens"
366,,false,12143,617.0044,1847.9993,3,-4.24,26.30,45.12,23.0 (M:23.0),1,,1,1,K.LSFKDIDEVILVGGSTR.I,,CID,400 - 416,At4g24280.1_ARATH,cpHsc70-1_GAG_URT1partners
367,,true,629,618.2699,1234.5214,2,3.04,40.70,11.50,61.0 (M:61.0),2,,1,0,R.FSSSSGYGGGSSR.V,,CID,47 - 59,P35527|K1C9_HUMAN,"Keratin, type I cytoskeletal 9 - Homo sapiens"
368,,true,635,618.2699,1234.5214,2,3.04,8.36,11.53,90.9 (M:90.9),2,,1,0,R.FSSSSGYGGGSSR.V,,CID,47 - 59,P35527|K1C9_HUMAN,"Keratin, type I cytoskeletal 9 - Homo sapiens"
369,,true,8915,624.6294,1870.8520,3,7.72,16.14,37.70,30.8 (M:30.8),1,,1,0,K.SAENNLYVVEGMQFDR.G,,CID,236 - 251,At1g55490.1_ARATH,CPN60B_GAG_URT1partners
370,,true,5656,626.0706,2500.2445,4,3.46,14.62,30.65,44.2 (M:44.2),3,,1,2,K.SKAEAESLYQSKYEELQITAGR.H,,CID,365 - 386,P04264|K2C1_HUMAN,"Keratin, type II cytoskeletal 1 - Homo sapiens"
371,,true,2255,631.8041,1261.5899,2,3.03,8.08,18.13,54.5 (M:54.5),2,,1,0,R.SLLEGEGSSGGGGR.G,,CID,451 - 464,P13645|K1C10_HUMAN,"Keratin, type I cytoskeletal 10 - Homo sapiens"
372,,true,2244,631.8041,1261.5899,2,3.03,15.25,18.10,52.8 (M:52.8),2,,1,0,R.SLLEGEGSSGGGGR.G,,CID,451 - 464,P13645|K1C10_HUMAN,"Keratin, type I cytoskeletal 10 - Homo sapiens"
373,,false,4736,633.3244,1264.6299,2,3.38,22.66,27.65,25.3 (M:25.3),1,,1,0,R.TNAENEFVTIK.K,,CID,278 - 288,P04264|K2C1_HUMAN,"Keratin, type II cytoskeletal 1 - Homo sapiens"
374,,true,10523,639.3642,1276.7027,2,8.78,10.79,41.10,43.7 (M:43.7),1,,1,0,K.LALDLEIATYR.T,,CID,473 - 483,P04264|K2C1_HUMAN,"Keratin, type II cytoskeletal 1 - Homo sapiens"
375,,true,2583,645.8142,1289.6099,2,3.05,11.23,19.43,114.2 (M:114.2),2,,1,0,K.VGAATETELEDR.K,,CID,425 - 436,At2g28000.1_ARATH,CPN60A_GAG_URT1partners
376,,true,2596,645.8142,1289.6099,2,3.05,12.24,19.45,97.7 (M:97.7),2,,1,0,K.VGAATETELEDR.K,,CID,425 - 436,At2g28000.1_ARATH,CPN60A_GAG_URT1partners
377,,true,12528,651.8657,1301.7078,2,6.92,7.00,46.80,81.3 (M:81.3),5,,1,0,R.SLDLDSIIAEVK.A,,CID,344 - 355,P04264|K2C1_HUMAN,"Keratin, type II cytoskeletal 1 - Homo sapiens"
378,,true,12535,651.8657,1301.7078,2,6.92,8.37,46.85,80.1 (M:80.1),5,,1,0,R.SLDLDSIIAEVK.A,,CID,344 - 355,P04264|K2C1_HUMAN,"Keratin, type II cytoskeletal 1 - Homo sapiens"
379,,true,12467,651.8657,1301.7078,2,6.92,6.84,46.55,67.5 (M:67.5),5,,1,0,R.SLDLDSIIAEVK.A,,CID,344 - 355,P04264|K2C1_HUMAN,"Keratin, type II cytoskeletal 1 - Homo sapiens"
380,,true,12474,651.8657,1301.7078,2,6.92,8.04,46.58,96.6 (M:96.6),5,,1,0,R.SLDLDSIIAEVK.A,,CID,344 - 355,P04264|K2C1_HUMAN,"Keratin, type II cytoskeletal 1 - Homo sapiens"
381,,true,12579,651.8658,1301.7078,2,7.01,13.12,47.07,50.7 (M:50.7),5,,1,0,R.SLDLDSIIAEVK.A,,CID,344 - 355,P04264|K2C1_HUMAN,"Keratin, type II cytoskeletal 1 - Homo sapiens"
382,,true,6715,652.0300,1953.0571,3,5.63,7.79,32.95,38.2 (M:38.2),2,,1,0,R.VAPEEHPVLLTEAPLNPK.A,,CID,98 - 115,At5g09810.1_ARATH,ACT7_GAG_URT1partners
383,,true,6723,652.0300,1953.0571,3,5.69,6.02,32.98,34.3 (M:34.3),2,,1,0,R.VAPEEHPVLLTEAPLNPK.A,,CID,98 - 115,At5g09810.1_ARATH,ACT7_GAG_URT1partners
384,,false,8679,662.6445,1984.8870,3,12.44,11.81,37.10,27.7 (M:27.7),1,,1,1,R.LDSELKNMQDMVEDYR.N,,CID,252 - 267,P04264|K2C1_HUMAN,"Keratin, type II cytoskeletal 1 - Homo sapiens"
385,,true,12626,665.3341,1992.9694,3,5.56,11.28,47.35,34.8 (M:34.8),3,,1,0,R.THNLEPYFESFINNLR.R,,CID,224 - 239,P04264|K2C1_HUMAN,"Keratin, type II cytoskeletal 1 - Homo sapiens"
386,,true,12617,665.3341,1992.9694,3,5.56,12.35,47.27,30.7 (M:30.7),3,,1,0,R.THNLEPYFESFINNLR.R,,CID,224 - 239,P04264|K2C1_HUMAN,"Keratin, type II cytoskeletal 1 - Homo sapiens"
387,,true,12655,665.3346,1992.9694,3,6.34,12.06,47.52,55.2 (M:55.2),3,,1,0,R.THNLEPYFESFINNLR.R,,CID,224 - 239,P04264|K2C1_HUMAN,"Keratin, type II cytoskeletal 1 - Homo sapiens"
388,,true,12469,665.3712,1328.7187,2,6.78,12.90,46.57,53.7 (M:53.7),3,,1,0,R.NLDLDSIIAEVK.A,,CID,348 - 359,P35908|K22E_HUMAN,"Keratin, type II cytoskeletal 2 epidermal - Homo sapiens"
389,,true,12476,665.3712,1328.7187,2,6.78,12.84,46.60,64.3 (M:64.3),3,,1,0,R.NLDLDSIIAEVK.A,,CID,348 - 359,P35908|K22E_HUMAN,"Keratin, type II cytoskeletal 2 epidermal - Homo sapiens"
390,,true,1351,670.8401,1339.6620,2,2.67,23.82,14.57,61.7 (M:61.7),2,,1,1,K.SKAEAESLYQSK.Y,,CID,365 - 376,P04264|K2C1_HUMAN,"Keratin, type II cytoskeletal 1 - Homo sapiens"
391,,false,5937,671.3534,1340.7089,2,-12.37,14.64,31.32,21.0 (M:21.0),1,,1,0,R.NVIIEQSWGAPK.V,,CID,68 - 79,At2g33210.1_ARATH,HSP60-2_GAG_URT1partners
392,,true,5261,679.8134,1357.6085,2,2.78,8.55,29.80,68.6 (M:68.6),2,,1,0,K.NALENYAYNMR.N,,CID,546 - 556,At5g02490.1_ARATH,HSC70-2 _GAG_URT1partners
393,,true,5251,679.8134,1357.6085,2,2.78,14.42,29.77,51.1 (M:51.1),2,,1,0,K.NALENYAYNMR.N,,CID,546 - 556,At5g02490.1_ARATH,HSC70-2 _GAG_URT1partners
394,,true,8440,685.3740,1368.7289,2,3.32,31.31,36.68,36.8 (M:36.8),1,,1,0,K.FTTVQFTGEVLK.T,,CID,81 - 92,At1g76030.1_ARATH,vacuolar ATP synthase subunit B_GAG_URT1partners
395,,true,3366,691.3297,1380.6409,2,2.92,9.47,23.05,60.3 (M:60.3),2,,1,0,R.ALEESNYELEGK.I,,CID,166 - 177,P13645|K1C10_HUMAN,"Keratin, type I cytoskeletal 10 - Homo sapiens"
396,,true,3375,691.3297,1380.6409,2,2.92,8.76,23.08,73.5 (M:73.5),2,,1,0,R.ALEESNYELEGK.I,,CID,166 - 177,P13645|K1C10_HUMAN,"Keratin, type I cytoskeletal 10 - Homo sapiens"
397,,true,2362,691.3343,1380.6521,2,1.33,17.95,18.52,34.9 (M:34.9),2,,1,0,K.NQADSVVYQTEK.Q,,CID,608 - 619,At4g24280.1_ARATH,cpHsc70-1_GAG_URT1partners
398,,true,2373,691.3343,1380.6521,2,1.33,14.57,18.55,40.7 (M:40.7),2,,1,0,K.NQADSVVYQTEK.Q,,CID,608 - 619,At4g24280.1_ARATH,cpHsc70-1_GAG_URT1partners
399,,true,8745,692.3517,1382.6830,2,4.13,18.54,37.37,69.1 (M:69.1),2,,1,0,K.SLNNQFASFIDK.V,,CID,186 - 197,P04264|K2C1_HUMAN,"Keratin, type II cytoskeletal 1 - Homo sapiens"
400,,true,8736,692.3560,1382.6830,2,10.46,12.22,37.33,82.7 (M:82.7),2,,1,0,K.SLNNQFASFIDK.V,,CID,186 - 197,P04264|K2C1_HUMAN,"Keratin, type II cytoskeletal 1 - Homo sapiens"
401,,false,8204,694.9982,2081.9575,3,7.29,17.01,36.20,19.9 (M:19.9),1,,1,0,R.AETECQNTEYQQLLDIK.I,Carbamidomethyl: 5,CID,423 - 439,P13645|K1C10_HUMAN,"Keratin, type I cytoskeletal 10 - Homo sapiens"
402,,true,4815,695.8472,1389.6736,2,4.56,13.32,27.78,55.2 (M:55.2),1,,1,0,K.QSLEASLAETEGR.Y,,CID,387 - 399,P13645|K1C10_HUMAN,"Keratin, type I cytoskeletal 10 - Homo sapiens"
403,,true,4200,701.3724,1400.7260,2,3.06,9.91,26.17,51.6 (M:51.6),2,,1,0,K.GLDVIQQAQSGTGK.T,,CID,76 - 89,At1g54270.1_ARATH,EIF4A-2_GAG_URT1partners
404,,true,4189,701.3724,1400.7260,2,3.06,15.86,26.13,73.4 (M:73.4),2,,1,0,K.GLDVIQQAQSGTGK.T,,CID,76 - 89,At1g54270.1_ARATH,EIF4A-2_GAG_URT1partners
405,,true,11129,718.8845,1435.7460,2,5.83,26.69,42.50,31.0 (M:31.0),2,,1,0,K.VQQLLQDFFNGK.E,,CID,352 - 363,At5g02490.1_ARATH,HSC70-2 _GAG_URT1partners
406,,true,12481,720.0200,2157.0235,3,6.74,18.83,46.62,34.8 (M:34.8),1,,1,0,K.SSYPGQITGNMICVGFLEGGK.D,,CID,158 - 178,P00761|TRYP_PIG,Trypsin precursor - Sus scrofa
407,,false,9063,726.3710,2901.4390,4,5.45,16.96,38.10,15.8 (M:15.8),1,,1,2,K.KQDITITGASTLPKDEVDQMVQEAER.F,,CID,567 - 592,At4g24280.1_ARATH,cpHsc70-1_GAG_URT1partners
408,,true,12166,730.9081,1459.7922,2,6.36,18.31,45.22,60.1 (M:60.1),2,,1,0,K.VDLLNQEIEFLK.V,,CID,309 - 320,P35908|K22E_HUMAN,"Keratin, type II cytoskeletal 2 epidermal - Homo sapiens"
409,,true,12155,730.9081,1459.7922,2,6.36,17.56,45.17,40.6 (M:40.6),2,,1,0,K.VDLLNQEIEFLK.V,,CID,309 - 320,P35908|K22E_HUMAN,"Keratin, type II cytoskeletal 2 epidermal - Homo sapiens"
410,,true,10391,735.3725,1468.7232,2,4.90,19.26,40.78,66.7 (M:66.7),6,,1,0,K.SSGSSYPSLLQCLK.A,,CID,134 - 147,P00761|TRYP_PIG,Trypsin precursor - Sus scrofa
411,,true,10488,735.3725,1468.7232,2,4.93,16.20,41.02,103.3 (M:103.3),6,,1,0,K.SSGSSYPSLLQCLK.A,,CID,134 - 147,P00761|TRYP_PIG,Trypsin precursor - Sus scrofa
412,,true,10472,735.3725,1468.7232,2,4.93,10.32,40.98,82.6 (M:82.6),6,,1,0,K.SSGSSYPSLLQCLK.A,,CID,134 - 147,P00761|TRYP_PIG,Trypsin precursor - Sus scrofa
413,,true,10366,735.3726,1468.7232,2,5.04,41.35,40.72,37.8 (M:37.8),6,,1,0,K.SSGSSYPSLLQCLK.A,,CID,134 - 147,P00761|TRYP_PIG,Trypsin precursor - Sus scrofa
414,,true,5078,737.3485,1472.6783,2,2.84,10.77,28.73,64.3 (M:64.3),2,,1,0,R.TTPSYVAFTDSER.L,,CID,40 - 52,At5g02490.1_ARATH,HSC70-2 _GAG_URT1partners
415,,true,5088,737.3485,1472.6783,2,2.84,10.23,28.82,82.1 (M:82.1),2,,1,0,R.TTPSYVAFTDSER.L,,CID,40 - 52,At5g02490.1_ARATH,HSC70-2 _GAG_URT1partners
416,,true,8317,737.7078,2210.0968,3,2.16,10.43,36.42,99.5 (M:99.5),54,,1,0,R.LGEHNIDVLEGNEQFINAAK.I,,CID,58 - 77,P00761|TRYP_PIG,Trypsin precursor - Sus scrofa
417,,true,8336,737.7079,2210.0968,3,2.24,11.04,36.45,88.7 (M:88.7),54,,1,0,R.LGEHNIDVLEGNEQFINAAK.I,,CID,58 - 77,P00761|TRYP_PIG,Trypsin precursor - Sus scrofa
418,,true,8839,737.7080,2210.0968,3,2.47,12.74,37.58,54.4 (M:54.4),54,,1,0,R.LGEHNIDVLEGNEQFINAAK.I,,CID,58 - 77,P00761|TRYP_PIG,Trypsin precursor - Sus scrofa
419,,true,8784,737.7080,2210.0968,3,2.50,10.21,37.45,47.5 (M:47.5),54,,1,0,R.LGEHNIDVLEGNEQFINAAK.I,,CID,58 - 77,P00761|TRYP_PIG,Trypsin precursor - Sus scrofa
420,,true,8878,737.7081,2210.0968,3,2.53,9.80,37.65,64.5 (M:64.5),54,,1,0,R.LGEHNIDVLEGNEQFINAAK.I,,CID,58 - 77,P00761|TRYP_PIG,Trypsin precursor - Sus scrofa
421,,true,8821,737.7081,2210.0968,3,2.53,8.58,37.55,57.9 (M:57.9),54,,1,0,R.LGEHNIDVLEGNEQFINAAK.I,,CID,58 - 77,P00761|TRYP_PIG,Trypsin precursor - Sus scrofa
422,,true,8801,737.7081,2210.0968,3,2.54,8.77,37.48,48.3 (M:48.3),54,,1,0,R.LGEHNIDVLEGNEQFINAAK.I,,CID,58 - 77,P00761|TRYP_PIG,Trypsin precursor - Sus scrofa
423,,true,8895,737.7081,2210.0968,3,2.57,12.56,37.67,59.5 (M:59.5),54,,1,0,R.LGEHNIDVLEGNEQFINAAK.I,,CID,58 - 77,P00761|TRYP_PIG,Trypsin precursor - Sus scrofa
424,,true,8207,737.7081,2210.0968,3,2.59,8.63,36.20,112.0 (M:112.0),54,,1,0,R.LGEHNIDVLEGNEQFINAAK.I,,CID,58 - 77,P00761|TRYP_PIG,Trypsin precursor - Sus scrofa
425,,true,8190,737.7081,2210.0968,3,2.59,4.48,36.17,97.1 (M:97.1),54,,1,0,R.LGEHNIDVLEGNEQFINAAK.I,,CID,58 - 77,P00761|TRYP_PIG,Trypsin precursor - Sus scrofa
426,,true,8859,737.7081,2210.0968,3,2.62,10.72,37.62,60.7 (M:60.7),54,,1,0,R.LGEHNIDVLEGNEQFINAAK.I,,CID,58 - 77,P00761|TRYP_PIG,Trypsin precursor - Sus scrofa
427,,true,8810,737.7082,2210.0968,3,2.68,10.00,37.52,63.5 (M:63.5),54,,1,0,R.LGEHNIDVLEGNEQFINAAK.I,,CID,58 - 77,P00761|TRYP_PIG,Trypsin precursor - Sus scrofa
428,,true,9116,737.7084,2210.0968,3,2.93,11.02,38.20,71.0 (M:71.0),54,,1,0,R.LGEHNIDVLEGNEQFINAAK.I,,CID,58 - 77,P00761|TRYP_PIG,Trypsin precursor - Sus scrofa
429,,true,9124,737.7084,2210.0968,3,2.93,7.54,38.23,80.5 (M:80.5),54,,1,0,R.LGEHNIDVLEGNEQFINAAK.I,,CID,58 - 77,P00761|TRYP_PIG,Trypsin precursor - Sus scrofa
430,,true,8604,737.7087,2210.0968,3,3.37,9.31,36.97,77.4 (M:77.4),54,,1,0,R.LGEHNIDVLEGNEQFINAAK.I,,CID,58 - 77,P00761|TRYP_PIG,Trypsin precursor - Sus scrofa
431,,true,8584,737.7087,2210.0968,3,3.37,8.74,36.93,53.2 (M:53.2),54,,1,0,R.LGEHNIDVLEGNEQFINAAK.I,,CID,58 - 77,P00761|TRYP_PIG,Trypsin precursor - Sus scrofa
432,,true,12023,737.7088,2210.0968,3,3.53,18.54,44.67,67.5 (M:67.5),54,,1,0,R.LGEHNIDVLEGNEQFINAAK.I,,CID,58 - 77,P00761|TRYP_PIG,Trypsin precursor - Sus scrofa
433,,true,8985,737.7089,2210.0968,3,3.62,9.34,37.92,67.2 (M:67.2),54,,1,0,R.LGEHNIDVLEGNEQFINAAK.I,,CID,58 - 77,P00761|TRYP_PIG,Trypsin precursor - Sus scrofa
434,,true,8056,737.7093,2210.0968,3,4.14,4.43,35.95,103.6 (M:103.6),54,,1,0,R.LGEHNIDVLEGNEQFINAAK.I,,CID,58 - 77,P00761|TRYP_PIG,Trypsin precursor - Sus scrofa
435,,true,8040,737.7093,2210.0968,3,4.17,7.69,35.92,118.5 (M:118.5),54,,1,0,R.LGEHNIDVLEGNEQFINAAK.I,,CID,58 - 77,P00761|TRYP_PIG,Trypsin precursor - Sus scrofa
436,,true,11501,737.7095,2210.0968,3,4.53,28.90,43.23,30.7 (M:30.7),54,,1,0,R.LGEHNIDVLEGNEQFINAAK.I,,CID,58 - 77,P00761|TRYP_PIG,Trypsin precursor - Sus scrofa
437,,true,9231,737.7096,2210.0968,3,4.64,14.18,38.45,66.9 (M:66.9),54,,1,0,R.LGEHNIDVLEGNEQFINAAK.I,,CID,58 - 77,P00761|TRYP_PIG,Trypsin precursor - Sus scrofa
438,,true,7859,737.7096,2210.0968,3,4.65,4.69,35.38,130.8 (M:130.8),54,,1,0,R.LGEHNIDVLEGNEQFINAAK.I,,CID,58 - 77,P00761|TRYP_PIG,Trypsin precursor - Sus scrofa
439,,true,7930,737.7096,2210.0968,3,4.65,6.82,35.65,103.3 (M:103.3),54,,1,0,R.LGEHNIDVLEGNEQFINAAK.I,,CID,58 - 77,P00761|TRYP_PIG,Trypsin precursor - Sus scrofa
440,,true,7935,737.7096,2210.0968,3,4.65,6.34,35.67,111.6 (M:111.6),54,,1,0,R.LGEHNIDVLEGNEQFINAAK.I,,CID,58 - 77,P00761|TRYP_PIG,Trypsin precursor - Sus scrofa
441,,true,7878,737.7096,2210.0968,3,4.65,4.70,35.40,114.7 (M:114.7),54,,1,0,R.LGEHNIDVLEGNEQFINAAK.I,,CID,58 - 77,P00761|TRYP_PIG,Trypsin precursor - Sus scrofa
442,,true,9249,737.7098,2210.0968,3,4.87,10.83,38.48,48.1 (M:48.1),54,,1,0,R.LGEHNIDVLEGNEQFINAAK.I,,CID,58 - 77,P00761|TRYP_PIG,Trypsin precursor - Sus scrofa
443,,true,9710,737.7099,2210.0968,3,5.01,16.25,39.33,37.8 (M:37.8),54,,1,0,R.LGEHNIDVLEGNEQFINAAK.I,,CID,58 - 77,P00761|TRYP_PIG,Trypsin precursor - Sus scrofa
444,,true,9729,737.7099,2210.0968,3,5.01,7.52,39.37,36.9 (M:36.9),54,,1,0,R.LGEHNIDVLEGNEQFINAAK.I,,CID,58 - 77,P00761|TRYP_PIG,Trypsin precursor - Sus scrofa
445,,true,8444,737.7101,2210.0968,3,5.28,6.27,36.68,70.6 (M:70.6),54,,1,0,R.LGEHNIDVLEGNEQFINAAK.I,,CID,58 - 77,P00761|TRYP_PIG,Trypsin precursor - Sus scrofa
446,,true,8457,737.7101,2210.0968,3,5.28,7.62,36.72,109.1 (M:109.1),54,,1,0,R.LGEHNIDVLEGNEQFINAAK.I,,CID,58 - 77,P00761|TRYP_PIG,Trypsin precursor - Sus scrofa
447,,true,9600,737.7101,2210.0968,3,5.32,12.43,39.15,70.6 (M:70.6),54,,1,0,R.LGEHNIDVLEGNEQFINAAK.I,,CID,58 - 77,P00761|TRYP_PIG,Trypsin precursor - Sus scrofa
448,,true,10699,737.7102,2210.0968,3,5.41,15.57,41.55,46.8 (M:46.8),54,,1,0,R.LGEHNIDVLEGNEQFINAAK.I,,CID,58 - 77,P00761|TRYP_PIG,Trypsin precursor - Sus scrofa
449,,true,9393,737.7102,2210.0968,3,5.45,11.85,38.73,33.8 (M:33.8),54,,1,0,R.LGEHNIDVLEGNEQFINAAK.I,,CID,58 - 77,P00761|TRYP_PIG,Trypsin precursor - Sus scrofa
450,,true,9376,737.7102,2210.0968,3,5.45,14.14,38.70,61.8 (M:61.8),54,,1,0,R.LGEHNIDVLEGNEQFINAAK.I,,CID,58 - 77,P00761|TRYP_PIG,Trypsin precursor - Sus scrofa
451,,true,10544,737.7103,2210.0968,3,5.51,10.13,41.17,58.0 (M:58.0),54,,1,0,R.LGEHNIDVLEGNEQFINAAK.I,,CID,58 - 77,P00761|TRYP_PIG,Trypsin precursor - Sus scrofa
452,,true,9562,737.7105,2210.0968,3,5.83,15.22,39.08,64.8 (M:64.8),54,,1,0,R.LGEHNIDVLEGNEQFINAAK.I,,CID,58 - 77,P00761|TRYP_PIG,Trypsin precursor - Sus scrofa
453,,true,10443,737.7107,2210.0968,3,6.06,22.16,40.92,38.9 (M:38.9),54,,1,0,R.LGEHNIDVLEGNEQFINAAK.I,,CID,58 - 77,P00761|TRYP_PIG,Trypsin precursor - Sus scrofa
454,,true,10473,737.7107,2210.0968,3,6.06,14.27,40.98,30.6 (M:30.6),54,,1,0,R.LGEHNIDVLEGNEQFINAAK.I,,CID,58 - 77,P00761|TRYP_PIG,Trypsin precursor - Sus scrofa
455,,true,12318,737.7109,2210.0968,3,6.32,12.19,45.92,50.8 (M:50.8),54,,1,0,R.LGEHNIDVLEGNEQFINAAK.I,,CID,58 - 77,P00761|TRYP_PIG,Trypsin precursor - Sus scrofa
456,,true,12359,737.7111,2210.0968,3,6.66,11.95,46.17,54.9 (M:54.9),54,,1,0,R.LGEHNIDVLEGNEQFINAAK.I,,CID,58 - 77,P00761|TRYP_PIG,Trypsin precursor - Sus scrofa
457,,true,10392,737.7111,2210.0968,3,6.69,18.86,40.78,44.8 (M:44.8),54,,1,0,R.LGEHNIDVLEGNEQFINAAK.I,,CID,58 - 77,P00761|TRYP_PIG,Trypsin precursor - Sus scrofa
458,,true,10073,737.7112,2210.0968,3,6.73,10.57,40.02,60.7 (M:60.7),54,,1,0,R.LGEHNIDVLEGNEQFINAAK.I,,CID,58 - 77,P00761|TRYP_PIG,Trypsin precursor - Sus scrofa
459,,true,10034,737.7112,2210.0968,3,6.73,13.21,39.92,42.2 (M:42.2),54,,1,0,R.LGEHNIDVLEGNEQFINAAK.I,,CID,58 - 77,P00761|TRYP_PIG,Trypsin precursor - Sus scrofa
460,,true,8378,738.3811,1474.7416,2,4.08,8.32,36.55,59.6 (M:59.6),1,,1,0,K.WELLQQVDTSTR.T,,CID,212 - 223,P04264|K2C1_HUMAN,"Keratin, type II cytoskeletal 1 - Homo sapiens"
461,,true,4190,738.3991,1474.7780,2,3.84,13.18,26.15,90.8 (M:90.8),2,,1,0,R.FLEQQNQVLQTK.W,,CID,204 - 215,P35908|K22E_HUMAN,"Keratin, type II cytoskeletal 2 epidermal - Homo sapiens"
462,,true,4178,738.3991,1474.7780,2,3.84,9.29,26.12,49.2 (M:49.2),2,,1,0,R.FLEQQNQVLQTK.W,,CID,204 - 215,P35908|K22E_HUMAN,"Keratin, type II cytoskeletal 2 epidermal - Homo sapiens"
463,,true,4178,738.3991,1474.7780,2,3.84,9.29,26.12,49.2 (M:49.2),2,,1,0,R.FLEQQNQVLQTK.W,,CID,200 - 211,P04264|K2C1_HUMAN,"Keratin, type II cytoskeletal 1 - Homo sapiens"
464,,true,4190,738.3991,1474.7780,2,3.84,13.18,26.15,90.8 (M:90.8),2,,1,0,R.FLEQQNQVLQTK.W,,CID,200 - 211,P04264|K2C1_HUMAN,"Keratin, type II cytoskeletal 1 - Homo sapiens"
465,,true,5862,740.3776,1478.7405,2,0.03,20.57,31.15,52.3 (M:52.3),2,,1,0,R.GYISPQFVTNPEK.L,,CID,242 - 254,At2g28000.1_ARATH,CPN60A_GAG_URT1partners
466,,true,5873,740.3776,1478.7405,2,0.03,21.87,31.17,44.2 (M:44.2),2,,1,0,R.GYISPQFVTNPEK.L,,CID,242 - 254,At2g28000.1_ARATH,CPN60A_GAG_URT1partners
467,,true,13292,742.0575,2223.1345,3,7.34,10.17,52.60,57.3 (M:57.3),2,,1,1,K.ADLEMQIESLTEELAYLKK.N,,CID,267 - 285,P13645|K1C10_HUMAN,"Keratin, type I cytoskeletal 10 - Homo sapiens"
468,,true,1704,747.3733,1492.7270,2,3.34,50.18,16.05,51.5 (M:51.5),3,,1,1,R.SQYEQLAEQNRK.D,,CID,323 - 334,P13645|K1C10_HUMAN,"Keratin, type I cytoskeletal 10 - Homo sapiens"
469,,true,7447,753.3636,1504.7086,2,2.72,10.22,34.38,56.3 (M:56.3),2,,1,0,R.GYISPYFVTDSEK.M,,CID,252 - 264,At1g55490.1_ARATH,CPN60B_GAG_URT1partners
470,,true,7428,753.3636,1504.7086,2,2.72,15.34,34.37,48.2 (M:48.2),2,,1,0,R.GYISPYFVTDSEK.M,,CID,252 - 264,At1g55490.1_ARATH,CPN60B_GAG_URT1partners
471,,true,12124,754.8905,1507.7592,2,4.75,19.39,45.02,72.1 (M:72.1),2,,1,0,K.TLFNELEVVEGMK.I,,CID,213 - 225,At2g33210.1_ARATH,HSP60-2_GAG_URT1partners
472,,true,12111,754.8905,1507.7592,2,4.75,13.87,44.98,63.2 (M:63.2),2,,1,0,K.TLFNELEVVEGMK.I,,CID,213 - 225,At2g33210.1_ARATH,HSP60-2_GAG_URT1partners
473,,true,10535,761.7338,2282.1729,3,2.96,10.79,41.13,63.3 (M:63.3),9,,1,0,K.IITHPNFNGNTLDNDIMLIK.L,,CID,78 - 97,P00761|TRYP_PIG,Trypsin precursor - Sus scrofa
474,,true,10526,761.7338,2282.1729,3,2.96,11.41,41.10,66.0 (M:66.0),9,,1,0,K.IITHPNFNGNTLDNDIMLIK.L,,CID,78 - 97,P00761|TRYP_PIG,Trypsin precursor - Sus scrofa
475,,true,10419,761.7356,2282.1729,3,5.28,6.78,40.85,79.0 (M:79.0),9,,1,0,K.IITHPNFNGNTLDNDIMLIK.L,,CID,78 - 97,P00761|TRYP_PIG,Trypsin precursor - Sus scrofa
476,,true,10430,761.7357,2282.1729,3,5.36,7.99,40.88,79.0 (M:79.0),9,,1,0,K.IITHPNFNGNTLDNDIMLIK.L,,CID,78 - 97,P00761|TRYP_PIG,Trypsin precursor - Sus scrofa
477,,true,10289,761.7358,2282.1729,3,5.53,4.24,40.57,82.8 (M:82.8),9,,1,0,K.IITHPNFNGNTLDNDIMLIK.L,,CID,78 - 97,P00761|TRYP_PIG,Trypsin precursor - Sus scrofa
478,,true,10207,761.7358,2282.1729,3,5.53,7.27,40.32,84.3 (M:84.3),9,,1,0,K.IITHPNFNGNTLDNDIMLIK.L,,CID,78 - 97,P00761|TRYP_PIG,Trypsin precursor - Sus scrofa
479,,true,10192,761.7358,2282.1729,3,5.53,9.66,40.30,74.6 (M:74.6),9,,1,0,K.IITHPNFNGNTLDNDIMLIK.L,,CID,78 - 97,P00761|TRYP_PIG,Trypsin precursor - Sus scrofa
480,,true,10302,761.7358,2282.1729,3,5.53,5.69,40.60,79.9 (M:79.9),9,,1,0,K.IITHPNFNGNTLDNDIMLIK.L,,CID,78 - 97,P00761|TRYP_PIG,Trypsin precursor - Sus scrofa
481,,true,6534,766.9178,1531.8246,2,-2.36,14.19,32.52,45.6 (M:45.6),2,,1,0,K.VLEQLSGQTPVFSK.A,,CID,38 - 51,At3g58700.1_ARATH,60S ribosomal protein L11 (RPL11B)_GAG_URT1partners
482,,true,6549,766.9225,1531.8246,2,3.74,13.28,32.55,82.0 (M:82.0),2,,1,0,K.VLEQLSGQTPVFSK.A,,CID,38 - 51,At3g58700.1_ARATH,60S ribosomal protein L11 (RPL11B)_GAG_URT1partners
483,,true,12398,767.0524,2298.1123,3,10.05,20.97,46.30,49.6 (M:49.6),2,,1,1,K.SDLEMQYETLQEELMALKK.N,,CID,272 - 290,P35527|K1C9_HUMAN,"Keratin, type I cytoskeletal 9 - Homo sapiens"
484,,true,12407,767.0524,2298.1123,3,10.05,15.86,46.33,48.0 (M:48.0),2,,1,1,K.SDLEMQYETLQEELMALKK.N,,CID,272 - 290,P35527|K1C9_HUMAN,"Keratin, type I cytoskeletal 9 - Homo sapiens"
485,,true,10074,767.0642,2298.1678,3,1.34,8.92,40.02,39.4 (M:39.4),15,,1,0,K.IITHPNFNGNTLDNDIMLIK.L,Oxidation: 17,CID,78 - 97,P00761|TRYP_PIG,Trypsin precursor - Sus scrofa
486,,true,9642,767.0651,2298.1678,3,2.39,16.99,39.22,55.1 (M:55.1),15,,1,0,K.IITHPNFNGNTLDNDIMLIK.L,Oxidation: 17,CID,78 - 97,P00761|TRYP_PIG,Trypsin precursor - Sus scrofa
487,,true,9763,767.0651,2298.1678,3,2.40,11.55,39.43,62.4 (M:62.4),15,,1,0,K.IITHPNFNGNTLDNDIMLIK.L,Oxidation: 17,CID,78 - 97,P00761|TRYP_PIG,Trypsin precursor - Sus scrofa
488,,true,9786,767.0654,2298.1678,3,2.83,14.67,39.47,56.4 (M:56.4),15,,1,0,K.IITHPNFNGNTLDNDIMLIK.L,Oxidation: 17,CID,78 - 97,P00761|TRYP_PIG,Trypsin precursor - Sus scrofa
489,,true,9898,767.0669,2298.1678,3,4.79,24.16,39.72,58.1 (M:58.1),15,,1,0,K.IITHPNFNGNTLDNDIMLIK.L,Oxidation: 17,CID,78 - 97,P00761|TRYP_PIG,Trypsin precursor - Sus scrofa
490,,true,9918,767.0669,2298.1678,3,4.79,11.21,39.75,42.4 (M:42.4),15,,1,0,K.IITHPNFNGNTLDNDIMLIK.L,Oxidation: 17,CID,78 - 97,P00761|TRYP_PIG,Trypsin precursor - Sus scrofa
491,,true,9619,767.0672,2298.1678,3,5.21,11.25,39.18,46.6 (M:46.6),15,,1,0,K.IITHPNFNGNTLDNDIMLIK.L,Oxidation: 17,CID,78 - 97,P00761|TRYP_PIG,Trypsin precursor - Sus scrofa
492,,true,9492,767.0674,2298.1678,3,5.47,9.06,38.92,54.8 (M:54.8),15,,1,0,K.IITHPNFNGNTLDNDIMLIK.L,Oxidation: 17,CID,78 - 97,P00761|TRYP_PIG,Trypsin precursor - Sus scrofa
493,,true,9504,767.0674,2298.1678,3,5.47,10.86,38.95,52.0 (M:52.0),15,,1,0,K.IITHPNFNGNTLDNDIMLIK.L,Oxidation: 17,CID,78 - 97,P00761|TRYP_PIG,Trypsin precursor - Sus scrofa
494,,true,9220,767.0679,2298.1678,3,6.15,13.74,38.42,44.0 (M:44.0),15,,1,0,K.IITHPNFNGNTLDNDIMLIK.L,Oxidation: 17,CID,78 - 97,P00761|TRYP_PIG,Trypsin precursor - Sus scrofa
495,,true,9365,767.0679,2298.1678,3,6.15,12.17,38.67,66.1 (M:66.1),15,,1,0,K.IITHPNFNGNTLDNDIMLIK.L,Oxidation: 17,CID,78 - 97,P00761|TRYP_PIG,Trypsin precursor - Sus scrofa
496,,true,9232,767.0679,2298.1678,3,6.15,14.20,38.45,73.4 (M:73.4),15,,1,0,K.IITHPNFNGNTLDNDIMLIK.L,Oxidation: 17,CID,78 - 97,P00761|TRYP_PIG,Trypsin precursor - Sus scrofa
497,,true,9377,767.0679,2298.1678,3,6.15,11.17,38.70,63.9 (M:63.9),15,,1,0,K.IITHPNFNGNTLDNDIMLIK.L,Oxidation: 17,CID,78 - 97,P00761|TRYP_PIG,Trypsin precursor - Sus scrofa
498,,true,6751,771.3901,1540.7621,2,2.33,9.22,33.12,71.3 (M:71.3),2,,1,0,R.EVELEDPVENIGAK.L,,CID,114 - 127,At1g55490.1_ARATH,CPN60B_GAG_URT1partners
499,,true,6760,771.3901,1540.7621,2,2.33,7.10,33.13,70.8 (M:70.8),2,,1,0,R.EVELEDPVENIGAK.L,,CID,114 - 127,At1g55490.1_ARATH,CPN60B_GAG_URT1partners
500,,true,11645,771.4091,1540.7926,2,7.17,28.99,43.58,48.2 (M:48.2),2,,1,0,R.SFVQTFFLAPQEK.G,,CID,102 - 114,At5g43960.1_ARATH,nuclear transport factor 2 (NTF2) family protein_GAG_URT1partners
501,,true,11655,771.4091,1540.7926,2,7.17,10.03,43.62,51.9 (M:51.9),2,,1,0,R.SFVQTFFLAPQEK.G,,CID,102 - 114,At5g43960.1_ARATH,nuclear transport factor 2 (NTF2) family protein_GAG_URT1partners
502,,true,12063,778.3662,1554.7058,2,7.73,12.74,44.80,67.5 (M:67.5),2,,1,0,K.MFVLDEADEMLSR.G,,CID,184 - 196,At1g54270.1_ARATH,EIF4A-2_GAG_URT1partners
503,,true,12073,778.3664,1554.7058,2,8.04,6.28,44.83,60.0 (M:60.0),2,,1,0,K.MFVLDEADEMLSR.G,,CID,184 - 196,At1g54270.1_ARATH,EIF4A-2_GAG_URT1partners
504,,true,5569,781.3511,1560.6831,2,2.81,17.37,30.45,40.8 (M:40.8),2,,1,0,K.ELFETDSVYDSEK.L,,CID,396 - 408,At2g28000.1_ARATH,CPN60A_GAG_URT1partners
505,,true,11254,788.6706,3150.6350,4,5.82,21.67,42.73,51.3 (M:51.3),2,,1,0,R.TTGIVLDSGDGVSHTVPIYEGYALPHAILR.L,,CID,150 - 179,At5g09810.1_ARATH,ACT7_GAG_URT1partners
506,,true,8260,790.9116,1579.7995,2,5.86,10.14,36.30,51.7 (M:51.7),2,,1,0,K.AVITVPAYFNDSQR.T,,CID,214 - 227,At4g24280.1_ARATH,cpHsc70-1_GAG_URT1partners
507,,true,8718,793.0721,2376.1809,3,5.66,15.19,37.27,97.2 (M:97.2),1,,1,1,R.LASYLDKVQALEEANNDLENK.I,,CID,164 - 184,P35527|K1C9_HUMAN,"Keratin, type I cytoskeletal 9 - Homo sapiens"
508,,true,1696,795.3243,2382.9446,3,2.70,14.22,16.02,52.5 (M:52.5),2,,1,0,R.GGGGGGYGSGGSSYGSGGGSYGSGGGGGGGR.G,,CID,519 - 549,P04264|K2C1_HUMAN,"Keratin, type II cytoskeletal 1 - Homo sapiens"
509,,true,1714,795.3243,2382.9446,3,2.70,18.88,16.08,43.8 (M:43.8),2,,1,0,R.GGGGGGYGSGGSSYGSGGGSYGSGGGGGGGR.G,,CID,519 - 549,P04264|K2C1_HUMAN,"Keratin, type II cytoskeletal 1 - Homo sapiens"
510,,true,3021,804.3948,1606.7686,2,3.98,14.43,20.80,55.3 (M:55.3),2,,1,0,K.ETSTIVGDGSTQDAVK.K,,CID,382 - 397,At1g55490.1_ARATH,CPN60B_GAG_URT1partners
511,,false,13001,813.9231,3251.6350,4,8.67,11.91,50.53,22.6 (M:22.6),1,,1,2,R.NLPSDISASEIEEEFKNFGTIKPDGVFLR.T,,CID,322 - 350,At5g43960.1_ARATH,nuclear transport factor 2 (NTF2) family protein_GAG_URT1partners
512,,true,11548,816.8907,3263.5066,4,8.34,12.58,43.33,72.9 (M:72.9),2,,1,0,K.DIENQYETQITQIEHEVSSSGQEVQSSAK.E,,CID,340 - 368,P35527|K1C9_HUMAN,"Keratin, type I cytoskeletal 9 - Homo sapiens"
513,,false,11939,822.1076,2463.2493,3,20.96,8.68,44.40,23.4 (M:23.4),1,,1,0,K.TNDLAGDGTTTSVVLAQGFIAEGVK.V,,CID,136 - 160,At1g55490.1_ARATH,CPN60B_GAG_URT1partners
514,,true,13336,823.7455,2468.1927,3,8.86,14.74,52.93,64.9 (M:64.9),2,,1,0,R.TYPEEMIQTGISTIDVMNSIAR.G,,CID,136 - 157,At1g76030.1_ARATH,vacuolar ATP synthase subunit B_GAG_URT1partners
515,,true,13339,823.7455,2468.1927,3,8.86,18.24,52.97,81.7 (M:81.7),2,,1,0,R.TYPEEMIQTGISTIDVMNSIAR.G,,CID,136 - 157,At1g76030.1_ARATH,vacuolar ATP synthase subunit B_GAG_URT1partners
516,,true,3609,823.9272,1645.8312,2,5.33,23.87,23.62,38.9 (M:38.9),2,,1,0,K.EAATVPVAATQPSYNK.S,,CID,247 - 262,At5g43960.1_ARATH,nuclear transport factor 2 (NTF2) family protein_GAG_URT1partners
517,,true,3624,823.9272,1645.8312,2,5.33,9.10,23.63,47.5 (M:47.5),2,,1,0,K.EAATVPVAATQPSYNK.S,,CID,247 - 262,At5g43960.1_ARATH,nuclear transport factor 2 (NTF2) family protein_GAG_URT1partners
518,,true,7946,824.4104,1646.8086,2,-1.40,10.97,35.72,58.0 (M:58.0),2,,1,0,K.NQVAMNPVNTVFDAK.R,,CID,60 - 74,At5g02490.1_ARATH,HSC70-2 _GAG_URT1partners
519,,true,7957,824.4155,1646.8086,2,4.69,16.34,35.73,71.1 (M:71.1),2,,1,0,K.NQVAMNPVNTVFDAK.R,,CID,60 - 74,At5g02490.1_ARATH,HSC70-2 _GAG_URT1partners
520,,true,8497,825.4170,1648.8097,2,5.89,14.88,36.78,42.3 (M:42.3),2,,1,0,M.ALPNQQTVDYPSFK.L,Acetyl: 1,CID,2 - 15,At5g20010.1_ARATH,RAN-1_GAG_URT1partners
521,,true,8477,825.4170,1648.8097,2,5.89,20.75,36.75,74.3 (M:74.3),2,,1,0,M.ALPNQQTVDYPSFK.L,Acetyl: 1,CID,2 - 15,At5g20010.1_ARATH,RAN-1_GAG_URT1partners
522,,false,7947,827.0624,2478.2238,3,-23.58,26.49,35.72,20.0 (M:20.0),1,,1,1,K.SSSSVEKNYELPDGQVITIGAER.F,,CID,234 - 256,At5g09810.1_ARATH,ACT7_GAG_URT1partners
523,,true,12207,828.1900,3308.7187,4,3.68,12.57,45.35,33.4 (M:33.4),6,,1,1,K.IITHPNFNGNTLDNDIMLIKLSSPATLNSR.V,,CID,78 - 107,P00761|TRYP_PIG,Trypsin precursor - Sus scrofa
524,,true,11914,828.1939,3308.7187,4,8.33,31.80,44.33,63.1 (M:63.1),6,,1,1,K.IITHPNFNGNTLDNDIMLIKLSSPATLNSR.V,,CID,78 - 107,P00761|TRYP_PIG,Trypsin precursor - Sus scrofa
525,,true,12012,828.1939,3308.7187,4,8.44,11.27,44.63,105.8 (M:105.8),6,,1,1,K.IITHPNFNGNTLDNDIMLIKLSSPATLNSR.V,,CID,78 - 107,P00761|TRYP_PIG,Trypsin precursor - Sus scrofa
526,,true,11924,828.1939,3308.7187,4,8.44,19.99,44.37,47.3 (M:47.3),6,,1,1,K.IITHPNFNGNTLDNDIMLIKLSSPATLNSR.V,,CID,78 - 107,P00761|TRYP_PIG,Trypsin precursor - Sus scrofa
527,,true,12006,828.1939,3308.7187,4,8.44,11.94,44.62,94.0 (M:94.0),6,,1,1,K.IITHPNFNGNTLDNDIMLIKLSSPATLNSR.V,,CID,78 - 107,P00761|TRYP_PIG,Trypsin precursor - Sus scrofa
528,,true,8899,830.4551,1658.8879,2,4.65,22.47,37.68,46.9 (M:46.9),4,,1,0,R.IINEPTAAAIAYGLDK.K,,CID,176 - 191,At5g02490.1_ARATH,HSC70-2 _GAG_URT1partners
529,,true,8881,830.4551,1658.8879,2,4.65,24.01,37.65,31.8 (M:31.8),4,,1,0,R.IINEPTAAAIAYGLDK.K,,CID,176 - 191,At5g02490.1_ARATH,HSC70-2 _GAG_URT1partners
530,,true,6295,832.4121,1662.8036,2,3.65,24.93,32.08,49.6 (M:49.6),2,,1,0,K.NQVAMNPVNTVFDAK.R,Oxidation: 5,CID,60 - 74,At5g02490.1_ARATH,HSC70-2 _GAG_URT1partners
531,,true,6275,832.4121,1662.8036,2,3.65,34.93,32.05,49.8 (M:49.8),2,,1,0,K.NQVAMNPVNTVFDAK.R,Oxidation: 5,CID,60 - 74,At5g02490.1_ARATH,HSC70-2 _GAG_URT1partners
532,,true,9001,835.4772,1668.9298,2,6.06,19.48,37.98,39.8 (M:39.8),1,,1,0,R.GAIIGDTIVSGTEVPIK.M,,CID,107 - 123,ATCG01310.1_ARATH,RPL2.2_GAG_URT1partners
533,,true,7023,837.3851,2509.1245,3,3.54,10.24,33.58,85.3 (M:85.3),2,,1,0,K.EIETYHNLLEGGQEDFESSGAGK.I,,CID,450 - 472,P35527|K1C9_HUMAN,"Keratin, type I cytoskeletal 9 - Homo sapiens"
534,,true,7042,837.3851,2509.1245,3,3.54,10.99,33.60,73.6 (M:73.6),2,,1,0,K.EIETYHNLLEGGQEDFESSGAGK.I,,CID,450 - 472,P35527|K1C9_HUMAN,"Keratin, type I cytoskeletal 9 - Homo sapiens"
535,,true,2838,838.3727,1674.7234,2,4.42,11.96,20.37,45.0 (M:45.0),1,,1,0,K.ATAGDTHLGGEDFDNR.M,,CID,227 - 242,At5g02490.1_ARATH,HSC70-2 _GAG_URT1partners
536,,true,7331,840.9249,1679.8267,2,5.01,12.69,34.20,32.6 (M:32.6),2,,1,0,K.NAVVTVPAYFNDSQR.Q,,CID,145 - 159,At5g02490.1_ARATH,HSC70-2 _GAG_URT1partners
537,,true,7309,840.9249,1679.8267,2,5.01,23.76,34.17,62.5 (M:62.5),2,,1,0,K.NAVVTVPAYFNDSQR.Q,,CID,145 - 159,At5g02490.1_ARATH,HSC70-2 _GAG_URT1partners
538,,false,8320,850.9610,1699.8927,2,8.60,21.43,36.43,23.7 (M:23.7),1,,1,0,K.AAVEEGIVVGGGCTLLR.L,Carbamidomethyl: 13,CID,459 - 475,At1g55490.1_ARATH,CPN60B_GAG_URT1partners
539,,true,13011,868.4398,3469.7030,4,7.80,18.19,50.58,42.9 (M:42.9),2,,1,2,R.QVLDNLTMEKSDLEMQYETLQEELMALKK.N,,CID,262 - 290,P35527|K1C9_HUMAN,"Keratin, type I cytoskeletal 9 - Homo sapiens"
540,,true,13014,868.4399,3469.7030,4,7.86,25.16,50.63,45.0 (M:45.0),2,,1,2,R.QVLDNLTMEKSDLEMQYETLQEELMALKK.N,,CID,262 - 290,P35527|K1C9_HUMAN,"Keratin, type I cytoskeletal 9 - Homo sapiens"
541,,true,12951,868.9310,1735.8352,2,7.01,12.88,50.22,35.7 (M:35.7),2,,1,0,K.VCNYVNWIQQTIAAN.-,,CID,217 - 231,P00761|TRYP_PIG,Trypsin precursor - Sus scrofa
542,,true,8862,869.4429,1736.8733,2,-1.19,42.39,37.62,37.0 (M:37.0),1,,1,0,R.IINEPTAASLAYGFDR.K,,CID,244 - 259,At4g24280.1_ARATH,cpHsc70-1_GAG_URT1partners
543,,true,11426,877.4744,1752.9193,2,8.53,27.60,43.07,82.2 (M:82.2),1,,1,0,R.AIELPNAMENAGAALIR.E,,CID,103 - 119,At2g28000.1_ARATH,CPN60A_GAG_URT1partners
544,,true,8842,884.9035,1767.7920,2,0.30,7.97,37.58,33.3 (M:33.3),6,,1,0,R.SCAAAGTECLISGWGNTK.S,,CID,116 - 133,P00761|TRYP_PIG,Trypsin precursor - Sus scrofa
545,,true,8767,884.9068,1767.7920,2,4.02,11.86,37.42,58.9 (M:58.9),6,,1,0,R.SCAAAGTECLISGWGNTK.S,,CID,116 - 133,P00761|TRYP_PIG,Trypsin precursor - Sus scrofa
546,,true,8412,884.9079,1767.7920,2,5.19,13.55,36.62,124.3 (M:124.3),6,,1,0,R.SCAAAGTECLISGWGNTK.S,,CID,116 - 133,P00761|TRYP_PIG,Trypsin precursor - Sus scrofa
547,,true,8394,884.9079,1767.7920,2,5.19,7.23,36.58,138.0 (M:138.0),6,,1,0,R.SCAAAGTECLISGWGNTK.S,,CID,116 - 133,P00761|TRYP_PIG,Trypsin precursor - Sus scrofa
548,,true,9192,887.9575,1773.8897,2,6.05,10.59,38.37,33.6 (M:33.6),3,,1,0,K.NYELPDGQVITIGAER.F,,CID,241 - 256,At5g09810.1_ARATH,ACT7_GAG_URT1partners
549,,true,9084,887.9575,1773.8897,2,6.05,8.38,38.13,91.5 (M:91.5),3,,1,0,K.NYELPDGQVITIGAER.F,,CID,241 - 256,At5g09810.1_ARATH,ACT7_GAG_URT1partners
550,,true,9065,887.9575,1773.8897,2,6.05,12.58,38.12,114.4 (M:114.4),3,,1,0,K.NYELPDGQVITIGAER.F,,CID,241 - 256,At5g09810.1_ARATH,ACT7_GAG_URT1partners
551,,true,399,896.3711,1790.7204,2,4.06,7.56,10.20,92.4 (M:92.4),2,,1,0,R.GGSGGSYGGGGSGGGYGGGSGSR.G,,CID,491 - 513,P35527|K1C9_HUMAN,"Keratin, type I cytoskeletal 9 - Homo sapiens"
552,,true,409,896.3711,1790.7204,2,4.06,12.16,10.30,116.5 (M:116.5),2,,1,0,R.GGSGGSYGGGGSGGGYGGGSGSR.G,,CID,491 - 513,P35527|K1C9_HUMAN,"Keratin, type I cytoskeletal 9 - Homo sapiens"
553,,false,8665,902.3957,2704.1538,3,4.25,9.37,37.07,27.5 (M:27.5),1,,1,0,R.GGGGSFGYSYGGGSGGGFSASSLGGGFGGGSR.G,,CID,64 - 95,P35527|K1C9_HUMAN,"Keratin, type I cytoskeletal 9 - Homo sapiens"
554,,true,13084,958.1449,2871.3855,3,9.49,10.49,51.33,96.3 (M:96.3),2,,1,0,R.NVSTGDVNVEMNAAPGVDLTQLLNNMR.S,,CID,296 - 322,P13645|K1C10_HUMAN,"Keratin, type I cytoskeletal 10 - Homo sapiens"
555,,true,13082,958.1449,2871.3855,3,9.49,12.47,51.30,102.8 (M:102.8),2,,1,0,R.NVSTGDVNVEMNAAPGVDLTQLLNNMR.S,,CID,296 - 322,P13645|K1C10_HUMAN,"Keratin, type I cytoskeletal 10 - Homo sapiens"
556,,true,13481,961.0122,1919.9880,2,11.30,12.39,56.87,86.0 (M:86.0),2,,1,0,K.FYNVVVEELPSNVADLL.-,,CID,396 - 412,At1g54270.1_ARATH,EIF4A-2_GAG_URT1partners
557,,true,13480,961.0124,1919.9880,2,11.50,13.21,56.82,44.0 (M:44.0),2,,1,0,K.FYNVVVEELPSNVADLL.-,,CID,396 - 412,At1g54270.1_ARATH,EIF4A-2_GAG_URT1partners
558,,true,12944,968.1499,2901.4032,3,8.44,20.34,50.10,65.6 (M:65.6),2,,1,1,K.NYSPYYNTIDDLKDQIVDLTVGNNK.T,,CID,200 - 224,P35527|K1C9_HUMAN,"Keratin, type I cytoskeletal 9 - Homo sapiens"
559,,true,12946,968.1499,2901.4032,3,8.44,20.81,50.13,81.6 (M:81.6),2,,1,1,K.NYSPYYNTIDDLKDQIVDLTVGNNK.T,,CID,200 - 224,P35527|K1C9_HUMAN,"Keratin, type I cytoskeletal 9 - Homo sapiens"
560,,false,11386,968.8086,2903.3753,3,9.84,15.74,42.98,26.2 (M:26.2),2,,1,0,R.NVSTGDVNVEMNAAPGVDLTQLLNNMR.S,"Oxidation: 11, 26",CID,296 - 322,P13645|K1C10_HUMAN,"Keratin, type I cytoskeletal 10 - Homo sapiens"
561,,true,11536,1088.8535,3263.5066,3,9.78,16.95,43.30,81.0 (M:81.0),2,,1,0,K.DIENQYETQITQIEHEVSSSGQEVQSSAK.E,,CID,340 - 368,P35527|K1C9_HUMAN,"Keratin, type I cytoskeletal 9 - Homo sapiens"
562,,true,11968,1103.9326,3308.7187,3,17.25,14.27,44.53,58.1 (M:58.1),6,,1,1,K.IITHPNFNGNTLDNDIMLIKLSSPATLNSR.V,,CID,78 - 107,P00761|TRYP_PIG,Trypsin precursor - Sus scrofa
563,,true,8751,1106.0514,2210.0968,2,-3.89,19.26,37.37,39.8 (M:39.8),54,,1,0,R.LGEHNIDVLEGNEQFINAAK.I,,CID,58 - 77,P00761|TRYP_PIG,Trypsin precursor - Sus scrofa
